CREATE DATABASE  IF NOT EXISTS `attendance_system` /*!40100 DEFAULT CHARACTER SET utf8mb4 COLLATE utf8mb4_0900_ai_ci */ /*!80016 DEFAULT ENCRYPTION='N' */;
USE `attendance_system`;
-- MySQL dump 10.13  Distrib 8.0.44, for Win64 (x86_64)
--
-- Host: localhost    Database: attendance_system
-- ------------------------------------------------------
-- Server version	8.0.44

/*!40101 SET @OLD_CHARACTER_SET_CLIENT=@@CHARACTER_SET_CLIENT */;
/*!40101 SET @OLD_CHARACTER_SET_RESULTS=@@CHARACTER_SET_RESULTS */;
/*!40101 SET @OLD_COLLATION_CONNECTION=@@COLLATION_CONNECTION */;
/*!50503 SET NAMES utf8 */;
/*!40103 SET @OLD_TIME_ZONE=@@TIME_ZONE */;
/*!40103 SET TIME_ZONE='+00:00' */;
/*!40014 SET @OLD_UNIQUE_CHECKS=@@UNIQUE_CHECKS, UNIQUE_CHECKS=0 */;
/*!40014 SET @OLD_FOREIGN_KEY_CHECKS=@@FOREIGN_KEY_CHECKS, FOREIGN_KEY_CHECKS=0 */;
/*!40101 SET @OLD_SQL_MODE=@@SQL_MODE, SQL_MODE='NO_AUTO_VALUE_ON_ZERO' */;
/*!40111 SET @OLD_SQL_NOTES=@@SQL_NOTES, SQL_NOTES=0 */;

--
-- Table structure for table `admin`
--

DROP TABLE IF EXISTS `admin`;
/*!40101 SET @saved_cs_client     = @@character_set_client */;
/*!50503 SET character_set_client = utf8mb4 */;
CREATE TABLE `admin` (
  `admin_id` int NOT NULL AUTO_INCREMENT,
  `name` varchar(100) NOT NULL,
  `email` varchar(100) NOT NULL,
  `password` varchar(255) NOT NULL,
  `created_at` timestamp NULL DEFAULT CURRENT_TIMESTAMP,
  `updated_at` timestamp NULL DEFAULT CURRENT_TIMESTAMP ON UPDATE CURRENT_TIMESTAMP,
  PRIMARY KEY (`admin_id`),
  UNIQUE KEY `email` (`email`),
  KEY `idx_email` (`email`)
) ENGINE=InnoDB AUTO_INCREMENT=4 DEFAULT CHARSET=utf8mb4 COLLATE=utf8mb4_0900_ai_ci;
/*!40101 SET character_set_client = @saved_cs_client */;

--
-- Dumping data for table `admin`
--

LOCK TABLES `admin` WRITE;
/*!40000 ALTER TABLE `admin` DISABLE KEYS */;
INSERT INTO `admin` VALUES (1,'System Administrator','admin@university.edu','$2b$10$VSZtY5OgZMHKu.VM/yuTwOZOeT4Gba1M6ALy2ATPFhc4GiRZFsomi','2025-12-04 03:03:10','2025-12-04 05:21:07'),(2,'Admin','admin@test.com','$2b$10$Epbe9qfO7Ly08wvLlj2sZeo09KlNqKlt62GDesHO6NuVjtjPq4dsm','2025-12-05 19:00:48','2025-12-17 22:59:01');
/*!40000 ALTER TABLE `admin` ENABLE KEYS */;
UNLOCK TABLES;

--
-- Table structure for table `checkin`
--

DROP TABLE IF EXISTS `checkin`;
/*!40101 SET @saved_cs_client     = @@character_set_client */;
/*!50503 SET character_set_client = utf8mb4 */;
CREATE TABLE `checkin` (
  `checkin_id` int NOT NULL AUTO_INCREMENT,
  `student_id` int NOT NULL,
  `checkin_time` timestamp NULL DEFAULT CURRENT_TIMESTAMP,
  `status` varchar(50) NOT NULL,
  `session_id` int NOT NULL,
  `student_lat` decimal(10,8) DEFAULT NULL,
  `student_lng` decimal(11,8) DEFAULT NULL,
  `accuracy` decimal(7,2) DEFAULT NULL,
  PRIMARY KEY (`checkin_id`),
  KEY `idx_checkin_session_student` (`session_id`,`student_id`),
  KEY `idx_checkin_session` (`session_id`),
  KEY `idx_checkin_student` (`student_id`),
  CONSTRAINT `checkin_ibfk_1` FOREIGN KEY (`student_id`) REFERENCES `student` (`student_id`),
  CONSTRAINT `fk_checkin_session` FOREIGN KEY (`session_id`) REFERENCES `session` (`session_id`)
) ENGINE=InnoDB AUTO_INCREMENT=1077 DEFAULT CHARSET=utf8mb4 COLLATE=utf8mb4_0900_ai_ci;
/*!40101 SET character_set_client = @saved_cs_client */;

--
-- Dumping data for table `checkin`
--

LOCK TABLES `checkin` WRITE;
/*!40000 ALTER TABLE `checkin` DISABLE KEYS */;
INSERT INTO `checkin` VALUES (1,21092127,'2025-09-24 06:00:00','present',8,3.07100951,101.56629248,7.00),(2,21092127,'2025-10-01 06:00:00','present',9,3.07100951,101.56629348,6.00),(3,21092127,'2025-10-08 06:00:00','present',10,3.07100851,101.56629148,8.00),(4,21092127,'2025-10-15 06:00:00','present',11,3.07101051,101.56629048,9.00),(5,21092127,'2025-10-22 06:00:00','present',12,3.07100751,101.56629248,5.00),(6,21092127,'2025-10-29 06:00:00','present',13,3.07101151,101.56628948,11.00),(7,21092127,'2025-11-05 06:00:00','present',14,3.07100651,101.56629448,12.00),(8,21092127,'2025-11-19 06:00:00','present',15,3.07101251,101.56628748,10.00),(9,21092127,'2025-11-26 06:00:00','present',16,3.07100951,101.56628848,8.00),(10,21092127,'2025-12-03 06:00:00','present',17,3.07100851,101.56629048,9.00),(11,21092127,'2025-12-10 06:00:00','present',18,3.07100751,101.56629148,7.00),(12,21092127,'2025-09-23 02:00:00','missed',19,NULL,NULL,NULL),(13,21092127,'2025-09-30 02:00:00','missed',20,NULL,NULL,NULL),(14,21092127,'2025-10-07 02:00:00','present',21,3.07099951,101.56628348,6.00),(15,21092127,'2025-10-14 02:00:00','present',22,3.07100051,101.56628548,5.00),(16,21092127,'2025-10-21 02:00:00','present',23,3.07100151,101.56628448,7.00),(17,21092127,'2025-10-28 02:00:00','present',24,3.07100251,101.56628248,8.00),(18,21092127,'2025-11-04 02:00:00','present',25,3.07100351,101.56628648,11.00),(19,21092127,'2025-11-18 02:00:00','present',26,3.07100451,101.56628748,9.00),(20,21092127,'2025-11-25 02:00:00','present',27,3.07100551,101.56628848,10.00),(21,21092127,'2025-12-02 02:00:00','present',28,3.07099851,101.56628948,7.00),(22,21092127,'2025-12-09 02:00:00','present',29,3.07099751,101.56629048,6.00),(23,21092127,'2025-09-25 05:00:00','present',30,3.07101951,101.56630448,6.00),(24,21092127,'2025-10-02 05:00:00','missed',31,NULL,NULL,NULL),(25,21092127,'2025-10-09 05:00:00','missed',32,NULL,NULL,NULL),(26,21092127,'2025-10-16 05:00:00','present',33,3.07101451,101.56630248,7.00),(27,21092127,'2025-10-23 05:00:00','missed',34,NULL,NULL,NULL),(28,21092127,'2025-10-30 05:00:00','present',35,3.07101551,101.56630348,8.00),(29,21092127,'2025-11-06 05:00:00','present',36,3.07101251,101.56630148,9.00),(30,21092127,'2025-11-20 05:00:00','present',37,3.07101351,101.56630048,6.00),(31,21092127,'2025-11-27 05:00:00','missed',38,NULL,NULL,NULL),(32,21092127,'2025-12-04 05:00:00','missed',39,NULL,NULL,NULL),(33,21092128,'2025-10-07 02:00:00','present',21,3.07087171,101.56618355,10.00),(34,21092128,'2025-10-14 02:00:00','present',22,3.07106934,101.56635333,11.00),(35,21092128,'2025-10-21 02:00:00','present',23,3.07086273,101.56615929,12.00),(36,21092128,'2025-10-28 02:00:00','present',24,3.07112323,101.56641800,13.00),(37,21092128,'2025-11-04 02:00:00','present',25,3.07085374,101.56609462,14.00),(38,21092128,'2025-11-18 02:00:00','present',26,3.07113222,101.56632099,15.00),(39,21092128,'2025-12-02 02:00:00','present',28,3.07114120,101.56634524,17.00),(40,21092128,'2025-12-09 02:00:00','present',29,3.07079086,101.56616738,18.00),(41,21092128,'2025-09-30 06:00:00','present',52,3.07097951,101.56627248,9.00),(42,21092128,'2025-10-07 06:00:00','present',53,3.07095256,101.56624014,10.00),(43,21092128,'2025-10-14 06:00:00','present',54,3.07103340,101.56633716,11.00),(44,21092128,'2025-10-21 06:00:00','present',55,3.07094357,101.56617546,12.00),(45,21092128,'2025-10-28 06:00:00','present',56,3.07104239,101.56640183,13.00),(46,21092128,'2025-11-04 06:00:00','present',57,3.07093459,101.56615121,14.00),(47,21092128,'2025-11-25 06:00:00','present',59,3.07088069,101.56624822,16.00),(48,21092128,'2025-12-02 06:00:00','present',60,3.07106035,101.56632907,17.00),(49,21092128,'2025-12-09 06:00:00','present',61,3.07087171,101.56618355,18.00),(50,21092129,'2025-09-24 06:00:00','present',8,3.07079086,101.56616738,14.00),(51,21092129,'2025-10-08 06:00:00','present',10,3.07078188,101.56610270,16.00),(52,21092129,'2025-10-15 06:00:00','present',11,3.07097951,101.56627248,17.00),(53,21092129,'2025-10-22 06:00:00','present',12,3.07095256,101.56624014,18.00),(54,21092129,'2025-10-29 06:00:00','present',13,3.07103340,101.56633716,19.00),(55,21092129,'2025-11-05 06:00:00','present',14,3.07094357,101.56617546,20.00),(56,21092129,'2025-11-19 06:00:00','present',15,3.07104239,101.56640183,5.00),(57,21092129,'2025-11-26 06:00:00','present',16,3.07093459,101.56615121,6.00),(58,21092129,'2025-12-10 06:00:00','present',18,3.07088069,101.56624822,8.00),(59,21092129,'2025-09-25 05:00:00','present',30,3.07078188,101.56610270,20.00),(60,21092129,'2025-10-02 05:00:00','present',31,3.07097951,101.56627248,5.00),(61,21092129,'2025-10-16 05:00:00','present',33,3.07103340,101.56633716,7.00),(62,21092129,'2025-10-23 05:00:00','present',34,3.07094357,101.56617546,8.00),(63,21092129,'2025-10-30 05:00:00','present',35,3.07104239,101.56640183,9.00),(64,21092129,'2025-11-06 05:00:00','present',36,3.07093459,101.56615121,10.00),(65,21092129,'2025-11-20 05:00:00','present',37,3.07105137,101.56642609,11.00),(66,21092129,'2025-11-27 05:00:00','present',38,3.07088069,101.56624822,12.00),(67,21092129,'2025-12-04 05:00:00','present',39,3.07106035,101.56632907,13.00),(68,21092129,'2025-09-23 06:00:00','present',51,3.07097951,101.56627248,9.00),(69,21092129,'2025-09-30 06:00:00','present',52,3.07095256,101.56624014,10.00),(70,21092129,'2025-10-07 06:00:00','present',53,3.07103340,101.56633716,11.00),(71,21092129,'2025-10-14 06:00:00','present',54,3.07094357,101.56617546,12.00),(72,21092129,'2025-10-28 06:00:00','present',56,3.07093459,101.56615121,14.00),(73,21092129,'2025-11-04 06:00:00','present',57,3.07105137,101.56642609,15.00),(74,21092129,'2025-11-18 06:00:00','present',58,3.07088069,101.56624822,16.00),(75,21092129,'2025-11-25 06:00:00','present',59,3.07106035,101.56632907,17.00),(76,21092129,'2025-12-02 06:00:00','present',60,3.07087171,101.56618355,18.00),(77,21092129,'2025-12-09 06:00:00','present',61,3.07106934,101.56635333,19.00),(78,21093322,'2025-09-22 00:00:00','present',1,3.07094357,101.56617546,8.00),(79,21093322,'2025-09-29 00:00:00','present',2,3.07104239,101.56640183,9.00),(80,21093322,'2025-10-06 00:00:00','present',3,3.07093459,101.56615121,10.00),(81,21093322,'2025-10-13 00:00:00','present',4,3.07105137,101.56642609,11.00),(82,21093322,'2025-10-20 00:00:00','present',5,3.07088069,101.56624822,12.00),(83,21093322,'2025-11-03 00:00:00','present',7,3.07087171,101.56618355,14.00),(84,21094501,'2025-09-22 00:00:00','present',1,3.07103340,101.56633716,11.00),(85,21094501,'2025-09-29 00:00:00','present',2,3.07094357,101.56617546,12.00),(86,21094501,'2025-10-06 00:00:00','present',3,3.07104239,101.56640183,13.00),(87,21094501,'2025-10-20 00:00:00','present',5,3.07105137,101.56642609,15.00),(88,21094501,'2025-10-27 00:00:00','present',6,3.07088069,101.56624822,16.00),(89,21094501,'2025-11-03 00:00:00','present',7,3.07106035,101.56632907,17.00),(90,21094501,'2025-09-24 06:00:00','present',8,3.07087171,101.56618355,18.00),(91,21094501,'2025-10-01 06:00:00','present',9,3.07106934,101.56635333,19.00),(92,21094501,'2025-10-08 06:00:00','present',10,3.07086273,101.56615929,20.00),(93,21094501,'2025-10-15 06:00:00','present',11,3.07112323,101.56641800,5.00),(94,21094501,'2025-10-29 06:00:00','present',13,3.07113222,101.56632099,7.00),(95,21094501,'2025-11-05 06:00:00','present',14,3.07084476,101.56623205,8.00),(96,21094501,'2025-11-19 06:00:00','present',15,3.07114120,101.56634524,9.00),(97,21094501,'2025-11-26 06:00:00','present',16,3.07079086,101.56616738,10.00),(98,21094501,'2025-12-03 06:00:00','present',17,3.07115018,101.56640992,11.00),(99,21094501,'2025-12-10 06:00:00','present',18,3.07078188,101.56610270,12.00),(100,21094501,'2025-10-07 02:00:00','present',21,3.07103340,101.56633716,15.00),(101,21094501,'2025-10-14 02:00:00','present',22,3.07094357,101.56617546,16.00),(102,21094501,'2025-10-21 02:00:00','present',23,3.07104239,101.56640183,17.00),(103,21094501,'2025-10-28 02:00:00','present',24,3.07093459,101.56615121,18.00),(104,21094501,'2025-11-04 02:00:00','present',25,3.07105137,101.56642609,19.00),(105,21094501,'2025-11-18 02:00:00','present',26,3.07088069,101.56624822,20.00),(106,21094501,'2025-12-02 02:00:00','present',28,3.07087171,101.56618355,6.00),(107,21094501,'2025-12-09 02:00:00','present',29,3.07106934,101.56635333,7.00),(108,21094501,'2025-09-25 05:00:00','present',30,3.07086273,101.56615929,8.00),(109,21094501,'2025-10-02 05:00:00','present',31,3.07112323,101.56641800,9.00),(110,21094501,'2025-10-09 05:00:00','present',32,3.07085374,101.56609462,10.00),(111,21094501,'2025-10-16 05:00:00','present',33,3.07113222,101.56632099,11.00),(112,21094501,'2025-10-23 05:00:00','present',34,3.07084476,101.56623205,12.00),(113,21094501,'2025-11-06 05:00:00','present',36,3.07079086,101.56616738,14.00),(114,21094501,'2025-11-20 05:00:00','present',37,3.07115018,101.56640992,15.00),(115,21094501,'2025-11-27 05:00:00','present',38,3.07078188,101.56610270,16.00),(116,21094501,'2025-12-04 05:00:00','present',39,3.07097951,101.56627248,17.00),(117,21094501,'2025-09-22 03:00:00','present',40,3.07095256,101.56624014,18.00),(118,21094501,'2025-09-29 03:00:00','present',41,3.07103340,101.56633716,19.00),(119,21094501,'2025-10-20 03:00:00','present',44,3.07093459,101.56615121,6.00),(120,21094501,'2025-10-27 03:00:00','present',45,3.07105137,101.56642609,7.00),(121,21094501,'2025-11-03 03:00:00','present',46,3.07088069,101.56624822,8.00),(122,21094501,'2025-11-17 03:00:00','present',47,3.07106035,101.56632907,9.00),(123,21094501,'2025-11-24 03:00:00','present',48,3.07087171,101.56618355,10.00),(124,21094501,'2025-12-01 03:00:00','present',49,3.07106934,101.56635333,11.00),(125,21094502,'2025-09-29 00:00:00','present',2,3.07104239,101.56640183,13.00),(126,21094502,'2025-10-06 00:00:00','present',3,3.07093459,101.56615121,14.00),(127,21094502,'2025-10-13 00:00:00','present',4,3.07105137,101.56642609,15.00),(128,21094502,'2025-10-20 00:00:00','present',5,3.07088069,101.56624822,16.00),(129,21094502,'2025-10-27 00:00:00','present',6,3.07106035,101.56632907,17.00),(130,21094502,'2025-11-03 00:00:00','present',7,3.07087171,101.56618355,18.00),(131,21094502,'2025-09-24 06:00:00','present',8,3.07106934,101.56635333,19.00),(132,21094502,'2025-10-08 06:00:00','present',10,3.07112323,101.56641800,5.00),(133,21094502,'2025-10-15 06:00:00','present',11,3.07085374,101.56609462,6.00),(134,21094502,'2025-10-22 06:00:00','present',12,3.07113222,101.56632099,7.00),(135,21094502,'2025-10-29 06:00:00','present',13,3.07084476,101.56623205,8.00),(136,21094502,'2025-11-05 06:00:00','present',14,3.07114120,101.56634524,9.00),(137,21094502,'2025-11-19 06:00:00','present',15,3.07079086,101.56616738,10.00),(138,21094502,'2025-11-26 06:00:00','present',16,3.07115018,101.56640992,11.00),(139,21094502,'2025-12-10 06:00:00','present',18,3.07097951,101.56627248,13.00),(140,21094502,'2025-09-23 02:00:00','present',19,3.07095256,101.56624014,14.00),(141,21094502,'2025-09-30 02:00:00','present',20,3.07103340,101.56633716,15.00),(142,21094502,'2025-10-07 02:00:00','present',21,3.07094357,101.56617546,16.00),(143,21094502,'2025-10-14 02:00:00','present',22,3.07104239,101.56640183,17.00),(144,21094502,'2025-10-21 02:00:00','present',23,3.07093459,101.56615121,18.00),(145,21094502,'2025-11-18 02:00:00','present',26,3.07106035,101.56632907,5.00),(146,21094502,'2025-11-25 02:00:00','present',27,3.07087171,101.56618355,6.00),(147,21094502,'2025-12-02 02:00:00','present',28,3.07106934,101.56635333,7.00),(148,21094502,'2025-12-09 02:00:00','present',29,3.07086273,101.56615929,8.00),(149,21094502,'2025-09-25 05:00:00','present',30,3.07112323,101.56641800,9.00),(150,21094502,'2025-10-02 05:00:00','present',31,3.07085374,101.56609462,10.00),(151,21094502,'2025-10-16 05:00:00','present',33,3.07084476,101.56623205,12.00),(152,21094502,'2025-10-23 05:00:00','present',34,3.07114120,101.56634524,13.00),(153,21094502,'2025-10-30 05:00:00','present',35,3.07079086,101.56616738,14.00),(154,21094502,'2025-11-06 05:00:00','present',36,3.07115018,101.56640992,15.00),(155,21094502,'2025-11-20 05:00:00','present',37,3.07078188,101.56610270,16.00),(156,21094502,'2025-11-27 05:00:00','present',38,3.07097951,101.56627248,17.00),(157,21094502,'2025-12-04 05:00:00','present',39,3.07095256,101.56624014,18.00),(158,21094502,'2025-09-29 03:00:00','present',41,3.07094357,101.56617546,20.00),(159,21094502,'2025-10-06 03:00:00','present',42,3.07104239,101.56640183,5.00),(160,21094502,'2025-10-13 03:00:00','present',43,3.07093459,101.56615121,6.00),(161,21094502,'2025-10-20 03:00:00','present',44,3.07105137,101.56642609,7.00),(162,21094502,'2025-10-27 03:00:00','present',45,3.07088069,101.56624822,8.00),(163,21094502,'2025-11-03 03:00:00','present',46,3.07106035,101.56632907,9.00),(164,21094502,'2025-12-01 03:00:00','present',49,3.07086273,101.56615929,12.00),(165,21094502,'2025-12-08 03:00:00','present',50,3.07112323,101.56641800,13.00),(166,21094503,'2025-09-22 00:00:00','present',1,3.07104239,101.56640183,13.00),(167,21094503,'2025-09-29 00:00:00','present',2,3.07093459,101.56615121,14.00),(168,21094503,'2025-10-06 00:00:00','present',3,3.07105137,101.56642609,15.00),(169,21094503,'2025-10-13 00:00:00','present',4,3.07088069,101.56624822,16.00),(170,21094503,'2025-10-20 00:00:00','present',5,3.07106035,101.56632907,17.00),(171,21094503,'2025-11-03 00:00:00','present',7,3.07106934,101.56635333,19.00),(172,21094503,'2025-09-24 06:00:00','present',8,3.07086273,101.56615929,20.00),(173,21094503,'2025-10-01 06:00:00','present',9,3.07112323,101.56641800,5.00),(174,21094503,'2025-10-08 06:00:00','present',10,3.07085374,101.56609462,6.00),(175,21094503,'2025-10-15 06:00:00','present',11,3.07113222,101.56632099,7.00),(176,21094503,'2025-10-22 06:00:00','present',12,3.07084476,101.56623205,8.00),(177,21094503,'2025-10-29 06:00:00','present',13,3.07114120,101.56634524,9.00),(178,21094503,'2025-11-19 06:00:00','present',15,3.07115018,101.56640992,11.00),(179,21094503,'2025-11-26 06:00:00','present',16,3.07078188,101.56610270,12.00),(180,21094503,'2025-12-03 06:00:00','present',17,3.07097951,101.56627248,13.00),(181,21094503,'2025-12-10 06:00:00','present',18,3.07095256,101.56624014,14.00),(182,21094503,'2025-09-23 02:00:00','present',19,3.07103340,101.56633716,15.00),(183,21094503,'2025-09-30 02:00:00','present',20,3.07094357,101.56617546,16.00),(184,21094503,'2025-10-07 02:00:00','present',21,3.07104239,101.56640183,17.00),(185,21094503,'2025-10-21 02:00:00','present',23,3.07105137,101.56642609,19.00),(186,21094503,'2025-10-28 02:00:00','present',24,3.07088069,101.56624822,20.00),(187,21094503,'2025-11-04 02:00:00','present',25,3.07106035,101.56632907,5.00),(188,21094503,'2025-11-18 02:00:00','present',26,3.07087171,101.56618355,6.00),(189,21094503,'2025-11-25 02:00:00','present',27,3.07106934,101.56635333,7.00),(190,21094503,'2025-12-02 02:00:00','present',28,3.07086273,101.56615929,8.00),(191,21094503,'2025-09-25 05:00:00','present',30,3.07085374,101.56609462,10.00),(192,21094503,'2025-10-02 05:00:00','present',31,3.07113222,101.56632099,11.00),(193,21094503,'2025-10-09 05:00:00','present',32,3.07084476,101.56623205,12.00),(194,21094503,'2025-10-16 05:00:00','present',33,3.07114120,101.56634524,13.00),(195,21094503,'2025-10-23 05:00:00','present',34,3.07079086,101.56616738,14.00),(196,21094503,'2025-10-30 05:00:00','present',35,3.07115018,101.56640992,15.00),(197,21094503,'2025-11-06 05:00:00','present',36,3.07078188,101.56610270,16.00),(198,21094503,'2025-11-27 05:00:00','present',38,3.07095256,101.56624014,18.00),(199,21094503,'2025-12-04 05:00:00','present',39,3.07103340,101.56633716,19.00),(200,21094503,'2025-09-22 03:00:00','present',40,3.07094357,101.56617546,20.00),(201,21094503,'2025-09-29 03:00:00','present',41,3.07104239,101.56640183,5.00),(202,21094503,'2025-10-06 03:00:00','present',42,3.07093459,101.56615121,6.00),(203,21094503,'2025-10-13 03:00:00','present',43,3.07105137,101.56642609,7.00),(204,21094503,'2025-10-20 03:00:00','present',44,3.07088069,101.56624822,8.00),(205,21094503,'2025-11-03 03:00:00','present',46,3.07087171,101.56618355,10.00),(206,21094503,'2025-11-17 03:00:00','present',47,3.07106934,101.56635333,11.00),(207,21094503,'2025-11-24 03:00:00','present',48,3.07086273,101.56615929,12.00),(208,21094503,'2025-12-01 03:00:00','present',49,3.07112323,101.56641800,13.00),(209,21094503,'2025-12-08 03:00:00','present',50,3.07085374,101.56609462,14.00),(210,21094504,'2025-09-22 00:00:00','present',1,3.07093459,101.56615121,14.00),(211,21094504,'2025-09-29 00:00:00','present',2,3.07105137,101.56642609,15.00),(212,21094504,'2025-10-13 00:00:00','present',4,3.07106035,101.56632907,17.00),(213,21094504,'2025-10-20 00:00:00','present',5,3.07087171,101.56618355,18.00),(214,21094504,'2025-10-27 00:00:00','present',6,3.07106934,101.56635333,19.00),(215,21094504,'2025-11-03 00:00:00','present',7,3.07086273,101.56615929,20.00),(216,21094504,'2025-09-24 06:00:00','present',8,3.07112323,101.56641800,5.00),(217,21094504,'2025-10-01 06:00:00','present',9,3.07085374,101.56609462,6.00),(218,21094504,'2025-10-08 06:00:00','present',10,3.07113222,101.56632099,7.00),(219,21094504,'2025-10-22 06:00:00','present',12,3.07114120,101.56634524,9.00),(220,21094504,'2025-10-29 06:00:00','present',13,3.07079086,101.56616738,10.00),(221,21094504,'2025-11-05 06:00:00','present',14,3.07115018,101.56640992,11.00),(222,21094504,'2025-11-19 06:00:00','present',15,3.07078188,101.56610270,12.00),(223,21094504,'2025-11-26 06:00:00','present',16,3.07097951,101.56627248,13.00),(224,21094504,'2025-12-03 06:00:00','present',17,3.07095256,101.56624014,14.00),(225,21094504,'2025-12-10 06:00:00','present',18,3.07103340,101.56633716,15.00),(226,21094504,'2025-09-30 02:00:00','present',20,3.07104239,101.56640183,17.00),(227,21094504,'2025-10-07 02:00:00','present',21,3.07093459,101.56615121,18.00),(228,21094504,'2025-10-14 02:00:00','present',22,3.07105137,101.56642609,19.00),(229,21094504,'2025-10-21 02:00:00','present',23,3.07088069,101.56624822,20.00),(230,21094504,'2025-10-28 02:00:00','present',24,3.07106035,101.56632907,5.00),(231,21094504,'2025-11-04 02:00:00','present',25,3.07087171,101.56618355,6.00),(232,21094504,'2025-11-18 02:00:00','present',26,3.07106934,101.56635333,7.00),(233,21094504,'2025-12-02 02:00:00','present',28,3.07112323,101.56641800,9.00),(234,21094504,'2025-12-09 02:00:00','present',29,3.07085374,101.56609462,10.00),(235,21094504,'2025-09-25 05:00:00','present',30,3.07113222,101.56632099,11.00),(236,21094504,'2025-10-02 05:00:00','present',31,3.07084476,101.56623205,12.00),(237,21094504,'2025-10-09 05:00:00','present',32,3.07114120,101.56634524,13.00),(238,21094504,'2025-10-16 05:00:00','present',33,3.07079086,101.56616738,14.00),(239,21094504,'2025-10-30 05:00:00','present',35,3.07078188,101.56610270,16.00),(240,21094504,'2025-11-06 05:00:00','present',36,3.07097951,101.56627248,17.00),(241,21094504,'2025-11-20 05:00:00','present',37,3.07095256,101.56624014,18.00),(242,21094504,'2025-11-27 05:00:00','present',38,3.07103340,101.56633716,19.00),(243,21094504,'2025-12-04 05:00:00','present',39,3.07094357,101.56617546,20.00),(244,21094504,'2025-09-22 03:00:00','present',40,3.07104239,101.56640183,5.00),(245,21094504,'2025-09-29 03:00:00','present',41,3.07093459,101.56615121,6.00),(246,21094504,'2025-10-13 03:00:00','present',43,3.07088069,101.56624822,8.00),(247,21094504,'2025-10-20 03:00:00','present',44,3.07106035,101.56632907,9.00),(248,21094504,'2025-10-27 03:00:00','present',45,3.07087171,101.56618355,10.00),(249,21094504,'2025-11-03 03:00:00','present',46,3.07106934,101.56635333,11.00),(250,21094504,'2025-11-17 03:00:00','present',47,3.07086273,101.56615929,12.00),(251,21094504,'2025-11-24 03:00:00','present',48,3.07112323,101.56641800,13.00),(252,21094504,'2025-12-01 03:00:00','present',49,3.07085374,101.56609462,14.00),(253,21094505,'2025-09-29 00:00:00','present',2,3.07088069,101.56624822,16.00),(254,21094505,'2025-10-06 00:00:00','present',3,3.07106035,101.56632907,17.00),(255,21094505,'2025-10-13 00:00:00','present',4,3.07087171,101.56618355,18.00),(256,21094505,'2025-10-20 00:00:00','present',5,3.07106934,101.56635333,19.00),(257,21094505,'2025-10-27 00:00:00','present',6,3.07086273,101.56615929,20.00),(258,21094505,'2025-11-03 00:00:00','present',7,3.07112323,101.56641800,5.00),(259,21094505,'2025-10-01 06:00:00','present',9,3.07113222,101.56632099,7.00),(260,21094505,'2025-10-08 06:00:00','present',10,3.07084476,101.56623205,8.00),(261,21094505,'2025-10-15 06:00:00','present',11,3.07114120,101.56634524,9.00),(262,21094505,'2025-10-22 06:00:00','present',12,3.07079086,101.56616738,10.00),(263,21094505,'2025-10-29 06:00:00','present',13,3.07115018,101.56640992,11.00),(264,21094505,'2025-11-05 06:00:00','present',14,3.07078188,101.56610270,12.00),(265,21094505,'2025-11-19 06:00:00','present',15,3.07097951,101.56627248,13.00),(266,21094505,'2025-12-03 06:00:00','present',17,3.07103340,101.56633716,15.00),(267,21094505,'2025-12-10 06:00:00','present',18,3.07094357,101.56617546,16.00),(268,21094505,'2025-09-23 02:00:00','present',19,3.07104239,101.56640183,17.00),(269,21094505,'2025-09-30 02:00:00','present',20,3.07093459,101.56615121,18.00),(270,21094505,'2025-10-07 02:00:00','present',21,3.07105137,101.56642609,19.00),(271,21094505,'2025-10-14 02:00:00','present',22,3.07088069,101.56624822,20.00),(272,21094505,'2025-10-21 02:00:00','present',23,3.07106035,101.56632907,5.00),(273,21094505,'2025-11-04 02:00:00','present',25,3.07106934,101.56635333,7.00),(274,21094505,'2025-11-18 02:00:00','present',26,3.07086273,101.56615929,8.00),(275,21094505,'2025-11-25 02:00:00','present',27,3.07112323,101.56641800,9.00),(276,21094505,'2025-12-02 02:00:00','present',28,3.07085374,101.56609462,10.00),(277,21094505,'2025-12-09 02:00:00','present',29,3.07113222,101.56632099,11.00),(278,21094505,'2025-09-25 05:00:00','present',30,3.07084476,101.56623205,12.00),(279,21094505,'2025-10-02 05:00:00','present',31,3.07114120,101.56634524,13.00),(280,21094505,'2025-10-09 05:00:00','present',32,3.07079086,101.56616738,14.00),(281,21094505,'2025-10-16 05:00:00','present',33,3.07115018,101.56640992,15.00),(282,21094505,'2025-10-23 05:00:00','present',34,3.07078188,101.56610270,16.00),(283,21094505,'2025-10-30 05:00:00','present',35,3.07097951,101.56627248,17.00),(284,21094505,'2025-11-06 05:00:00','present',36,3.07095256,101.56624014,18.00),(285,21094505,'2025-11-20 05:00:00','present',37,3.07103340,101.56633716,19.00),(286,21094505,'2025-11-27 05:00:00','present',38,3.07094357,101.56617546,20.00),(287,21094505,'2025-09-22 03:00:00','present',40,3.07093459,101.56615121,6.00),(288,21094505,'2025-09-29 03:00:00','present',41,3.07105137,101.56642609,7.00),(289,21094505,'2025-10-06 03:00:00','present',42,3.07088069,101.56624822,8.00),(290,21094505,'2025-10-13 03:00:00','present',43,3.07106035,101.56632907,9.00),(291,21094505,'2025-10-20 03:00:00','present',44,3.07087171,101.56618355,10.00),(292,21094505,'2025-10-27 03:00:00','present',45,3.07106934,101.56635333,11.00),(293,21094505,'2025-11-03 03:00:00','present',46,3.07086273,101.56615929,12.00),(294,21094505,'2025-11-24 03:00:00','present',48,3.07085374,101.56609462,14.00),(295,21094505,'2025-12-01 03:00:00','present',49,3.07113222,101.56632099,15.00),(296,21094505,'2025-12-08 03:00:00','present',50,3.07084476,101.56623205,16.00),(297,21094506,'2025-09-22 00:00:00','present',1,3.07088069,101.56624822,16.00),(298,21094506,'2025-09-29 00:00:00','present',2,3.07106035,101.56632907,17.00),(299,21094506,'2025-10-06 00:00:00','present',3,3.07087171,101.56618355,18.00),(300,21094506,'2025-10-13 00:00:00','present',4,3.07106934,101.56635333,19.00),(301,21094506,'2025-10-20 00:00:00','present',5,3.07086273,101.56615929,20.00),(302,21094506,'2025-10-27 00:00:00','present',6,3.07112323,101.56641800,5.00),(303,21094506,'2025-11-03 00:00:00','present',7,3.07085374,101.56609462,6.00),(304,21094506,'2025-09-24 06:00:00','present',8,3.07113222,101.56632099,7.00),(305,21094506,'2025-10-01 06:00:00','present',9,3.07084476,101.56623205,8.00),(306,21094506,'2025-10-08 06:00:00','present',10,3.07114120,101.56634524,9.00),(307,21094506,'2025-10-15 06:00:00','present',11,3.07079086,101.56616738,10.00),(308,21094506,'2025-10-22 06:00:00','present',12,3.07115018,101.56640992,11.00),(309,21094506,'2025-11-05 06:00:00','present',14,3.07097951,101.56627248,13.00),(310,21094506,'2025-11-19 06:00:00','present',15,3.07095256,101.56624014,14.00),(311,21094506,'2025-11-26 06:00:00','present',16,3.07103340,101.56633716,15.00),(312,21094506,'2025-12-03 06:00:00','present',17,3.07094357,101.56617546,16.00),(313,21094506,'2025-12-10 06:00:00','present',18,3.07104239,101.56640183,17.00),(314,21094506,'2025-09-23 02:00:00','present',19,3.07093459,101.56615121,18.00),(315,21094506,'2025-09-30 02:00:00','present',20,3.07105137,101.56642609,19.00),(316,21094506,'2025-10-14 02:00:00','present',22,3.07106035,101.56632907,5.00),(317,21094506,'2025-10-21 02:00:00','present',23,3.07087171,101.56618355,6.00),(318,21094506,'2025-10-28 02:00:00','present',24,3.07106934,101.56635333,7.00),(319,21094506,'2025-11-04 02:00:00','present',25,3.07086273,101.56615929,8.00),(320,21094506,'2025-11-18 02:00:00','present',26,3.07112323,101.56641800,9.00),(321,21094506,'2025-11-25 02:00:00','present',27,3.07085374,101.56609462,10.00),(322,21094506,'2025-12-02 02:00:00','present',28,3.07113222,101.56632099,11.00),(323,21094506,'2025-09-25 05:00:00','present',30,3.07114120,101.56634524,13.00),(324,21094506,'2025-10-02 05:00:00','present',31,3.07079086,101.56616738,14.00),(325,21094506,'2025-10-09 05:00:00','present',32,3.07115018,101.56640992,15.00),(326,21094506,'2025-10-16 05:00:00','present',33,3.07078188,101.56610270,16.00),(327,21094506,'2025-10-23 05:00:00','present',34,3.07097951,101.56627248,17.00),(328,21094506,'2025-10-30 05:00:00','present',35,3.07095256,101.56624014,18.00),(329,21094506,'2025-11-06 05:00:00','present',36,3.07103340,101.56633716,19.00),(330,21094506,'2025-11-20 05:00:00','present',37,3.07094357,101.56617546,20.00),(331,21094506,'2025-11-27 05:00:00','present',38,3.07104239,101.56640183,5.00),(332,21094506,'2025-12-04 05:00:00','present',39,3.07093459,101.56615121,6.00),(333,21094506,'2025-09-22 03:00:00','present',40,3.07105137,101.56642609,7.00),(334,21094506,'2025-09-29 03:00:00','present',41,3.07088069,101.56624822,8.00),(335,21094506,'2025-10-06 03:00:00','present',42,3.07106035,101.56632907,9.00),(336,21094506,'2025-10-13 03:00:00','present',43,3.07087171,101.56618355,10.00),(337,21094506,'2025-10-27 03:00:00','present',45,3.07086273,101.56615929,12.00),(338,21094506,'2025-11-03 03:00:00','present',46,3.07112323,101.56641800,13.00),(339,21094506,'2025-11-17 03:00:00','present',47,3.07085374,101.56609462,14.00),(340,21094506,'2025-11-24 03:00:00','present',48,3.07113222,101.56632099,15.00),(341,21094506,'2025-12-01 03:00:00','present',49,3.07084476,101.56623205,16.00),(342,21094506,'2025-12-08 03:00:00','present',50,3.07114120,101.56634524,17.00),(343,21094507,'2025-09-22 00:00:00','present',1,3.07106035,101.56632907,17.00),(344,21094507,'2025-10-13 00:00:00','present',4,3.07086273,101.56615929,20.00),(345,21094507,'2025-10-20 00:00:00','present',5,3.07112323,101.56641800,5.00),(346,21094507,'2025-10-27 00:00:00','present',6,3.07085374,101.56609462,6.00),(347,21094507,'2025-11-03 00:00:00','present',7,3.07113222,101.56632099,7.00),(348,21094507,'2025-09-24 06:00:00','present',8,3.07084476,101.56623205,8.00),(349,21094507,'2025-10-01 06:00:00','present',9,3.07114120,101.56634524,9.00),(350,21094507,'2025-10-15 06:00:00','present',11,3.07115018,101.56640992,11.00),(351,21094507,'2025-10-22 06:00:00','present',12,3.07078188,101.56610270,12.00),(352,21094507,'2025-10-29 06:00:00','present',13,3.07097951,101.56627248,13.00),(353,21094507,'2025-11-05 06:00:00','present',14,3.07095256,101.56624014,14.00),(354,21094507,'2025-11-19 06:00:00','present',15,3.07103340,101.56633716,15.00),(355,21094507,'2025-11-26 06:00:00','present',16,3.07094357,101.56617546,16.00),(356,21094507,'2025-09-23 02:00:00','present',19,3.07105137,101.56642609,19.00),(357,21094507,'2025-09-30 02:00:00','present',20,3.07088069,101.56624822,20.00),(358,21094507,'2025-10-07 02:00:00','present',21,3.07106035,101.56632907,5.00),(359,21094507,'2025-10-14 02:00:00','present',22,3.07087171,101.56618355,6.00),(360,21094507,'2025-10-21 02:00:00','present',23,3.07106934,101.56635333,7.00),(361,21094507,'2025-10-28 02:00:00','present',24,3.07086273,101.56615929,8.00),(362,21094507,'2025-11-25 02:00:00','present',27,3.07113222,101.56632099,11.00),(363,21094507,'2025-12-02 02:00:00','present',28,3.07084476,101.56623205,12.00),(364,21094507,'2025-12-09 02:00:00','present',29,3.07114120,101.56634524,13.00),(365,21094507,'2025-09-25 05:00:00','present',30,3.07079086,101.56616738,14.00),(366,21094507,'2025-10-02 05:00:00','present',31,3.07115018,101.56640992,15.00),(367,21094507,'2025-10-09 05:00:00','present',32,3.07078188,101.56610270,16.00),(368,21094507,'2025-10-23 05:00:00','present',34,3.07095256,101.56624014,18.00),(369,21094507,'2025-10-30 05:00:00','present',35,3.07103340,101.56633716,19.00),(370,21094507,'2025-11-06 05:00:00','present',36,3.07094357,101.56617546,20.00),(371,21094507,'2025-11-20 05:00:00','present',37,3.07104239,101.56640183,5.00),(372,21094507,'2025-11-27 05:00:00','present',38,3.07093459,101.56615121,6.00),(373,21094507,'2025-12-04 05:00:00','present',39,3.07105137,101.56642609,7.00),(374,21094507,'2025-10-06 03:00:00','present',42,3.07087171,101.56618355,10.00),(375,21094507,'2025-10-13 03:00:00','present',43,3.07106934,101.56635333,11.00),(376,21094507,'2025-10-20 03:00:00','present',44,3.07086273,101.56615929,12.00),(377,21094507,'2025-10-27 03:00:00','present',45,3.07112323,101.56641800,13.00),(378,21094507,'2025-11-03 03:00:00','present',46,3.07085374,101.56609462,14.00),(379,21094507,'2025-11-17 03:00:00','present',47,3.07113222,101.56632099,15.00),(380,21094507,'2025-12-08 03:00:00','present',50,3.07079086,101.56616738,18.00),(381,21094508,'2025-09-23 02:00:00','present',19,3.07088069,101.56624822,20.00),(382,21094508,'2025-09-30 02:00:00','present',20,3.07106035,101.56632907,5.00),(383,21094508,'2025-10-07 02:00:00','present',21,3.07087171,101.56618355,6.00),(384,21094508,'2025-10-28 02:00:00','present',24,3.07112323,101.56641800,9.00),(385,21094508,'2025-11-04 02:00:00','present',25,3.07085374,101.56609462,10.00),(386,21094508,'2025-11-18 02:00:00','present',26,3.07113222,101.56632099,11.00),(387,21094508,'2025-11-25 02:00:00','present',27,3.07084476,101.56623205,12.00),(388,21094508,'2025-12-02 02:00:00','present',28,3.07114120,101.56634524,13.00),(389,21094508,'2025-12-09 02:00:00','present',29,3.07079086,101.56616738,14.00),(390,21094508,'2025-10-09 05:00:00','present',32,3.07097951,101.56627248,17.00),(391,21094508,'2025-10-16 05:00:00','present',33,3.07095256,101.56624014,18.00),(392,21094508,'2025-10-23 05:00:00','present',34,3.07103340,101.56633716,19.00),(393,21094508,'2025-10-30 05:00:00','present',35,3.07094357,101.56617546,20.00),(394,21094508,'2025-11-06 05:00:00','present',36,3.07104239,101.56640183,5.00),(395,21094508,'2025-11-20 05:00:00','present',37,3.07093459,101.56615121,6.00),(396,21094508,'2025-12-04 05:00:00','present',39,3.07088069,101.56624822,8.00),(397,21094508,'2025-09-22 03:00:00','present',40,3.07106035,101.56632907,9.00),(398,21094508,'2025-09-29 03:00:00','present',41,3.07087171,101.56618355,10.00),(399,21094508,'2025-10-06 03:00:00','present',42,3.07106934,101.56635333,11.00),(400,21094508,'2025-10-13 03:00:00','present',43,3.07086273,101.56615929,12.00),(401,21094508,'2025-10-20 03:00:00','present',44,3.07112323,101.56641800,13.00),(402,21094508,'2025-11-17 03:00:00','present',47,3.07084476,101.56623205,16.00),(403,21094508,'2025-11-24 03:00:00','present',48,3.07114120,101.56634524,17.00),(404,21094508,'2025-12-01 03:00:00','present',49,3.07079086,101.56616738,18.00),(405,21094508,'2025-12-08 03:00:00','present',50,3.07115018,101.56640992,19.00),(406,21094508,'2025-09-23 06:00:00','present',51,3.07078188,101.56610270,20.00),(407,21094508,'2025-09-30 06:00:00','present',52,3.07097951,101.56627248,5.00),(408,21094508,'2025-10-21 06:00:00','present',55,3.07094357,101.56617546,8.00),(409,21094508,'2025-10-28 06:00:00','present',56,3.07104239,101.56640183,9.00),(410,21094508,'2025-11-04 06:00:00','present',57,3.07093459,101.56615121,10.00),(411,21094508,'2025-11-18 06:00:00','present',58,3.07105137,101.56642609,11.00),(412,21094508,'2025-11-25 06:00:00','present',59,3.07088069,101.56624822,12.00),(413,21094508,'2025-12-02 06:00:00','present',60,3.07106035,101.56632907,13.00),(414,21094508,'2025-09-25 02:00:00','present',62,3.07106934,101.56635333,15.00),(415,21094508,'2025-10-02 02:00:00','present',63,3.07086273,101.56615929,16.00),(416,21094508,'2025-10-09 02:00:00','present',64,3.07112323,101.56641800,17.00),(417,21094508,'2025-10-16 02:00:00','present',65,3.07085374,101.56609462,18.00),(418,21094508,'2025-10-23 02:00:00','present',66,3.07113222,101.56632099,19.00),(419,21094508,'2025-10-30 02:00:00','present',67,3.07084476,101.56623205,20.00),(420,21094508,'2025-11-06 02:00:00','present',68,3.07114120,101.56634524,5.00),(421,21094508,'2025-11-27 02:00:00','present',70,3.07115018,101.56640992,7.00),(422,21094508,'2025-12-04 02:00:00','present',71,3.07078188,101.56610270,8.00),(423,21094509,'2025-09-23 02:00:00','present',19,3.07106035,101.56632907,5.00),(424,21094509,'2025-10-07 02:00:00','present',21,3.07106934,101.56635333,7.00),(425,21094509,'2025-10-14 02:00:00','present',22,3.07086273,101.56615929,8.00),(426,21094509,'2025-10-21 02:00:00','present',23,3.07112323,101.56641800,9.00),(427,21094509,'2025-10-28 02:00:00','present',24,3.07085374,101.56609462,10.00),(428,21094509,'2025-11-04 02:00:00','present',25,3.07113222,101.56632099,11.00),(429,21094509,'2025-11-18 02:00:00','present',26,3.07084476,101.56623205,12.00),(430,21094509,'2025-12-09 02:00:00','present',29,3.07115018,101.56640992,15.00),(431,21094509,'2025-09-25 05:00:00','present',30,3.07078188,101.56610270,16.00),(432,21094509,'2025-10-02 05:00:00','present',31,3.07097951,101.56627248,17.00),(433,21094509,'2025-10-09 05:00:00','present',32,3.07095256,101.56624014,18.00),(434,21094509,'2025-10-16 05:00:00','present',33,3.07103340,101.56633716,19.00),(435,21094509,'2025-10-23 05:00:00','present',34,3.07094357,101.56617546,20.00),(436,21094509,'2025-11-06 05:00:00','present',36,3.07093459,101.56615121,6.00),(437,21094509,'2025-11-20 05:00:00','present',37,3.07105137,101.56642609,7.00),(438,21094509,'2025-11-27 05:00:00','present',38,3.07088069,101.56624822,8.00),(439,21094509,'2025-12-04 05:00:00','present',39,3.07106035,101.56632907,9.00),(440,21094509,'2025-09-22 03:00:00','present',40,3.07087171,101.56618355,10.00),(441,21094509,'2025-09-29 03:00:00','present',41,3.07106934,101.56635333,11.00),(442,21094509,'2025-10-06 03:00:00','present',42,3.07086273,101.56615929,12.00),(443,21094509,'2025-10-20 03:00:00','present',44,3.07085374,101.56609462,14.00),(444,21094509,'2025-10-27 03:00:00','present',45,3.07113222,101.56632099,15.00),(445,21094509,'2025-11-03 03:00:00','present',46,3.07084476,101.56623205,16.00),(446,21094509,'2025-11-17 03:00:00','present',47,3.07114120,101.56634524,17.00),(447,21094509,'2025-11-24 03:00:00','present',48,3.07079086,101.56616738,18.00),(448,21094509,'2025-12-01 03:00:00','present',49,3.07115018,101.56640992,19.00),(449,21094509,'2025-09-30 06:00:00','present',52,3.07095256,101.56624014,6.00),(450,21094509,'2025-10-07 06:00:00','present',53,3.07103340,101.56633716,7.00),(451,21094509,'2025-10-14 06:00:00','present',54,3.07094357,101.56617546,8.00),(452,21094509,'2025-10-21 06:00:00','present',55,3.07104239,101.56640183,9.00),(453,21094509,'2025-10-28 06:00:00','present',56,3.07093459,101.56615121,10.00),(454,21094509,'2025-11-04 06:00:00','present',57,3.07105137,101.56642609,11.00),(455,21094509,'2025-11-25 06:00:00','present',59,3.07106035,101.56632907,13.00),(456,21094509,'2025-12-02 06:00:00','present',60,3.07087171,101.56618355,14.00),(457,21094509,'2025-12-09 06:00:00','present',61,3.07106934,101.56635333,15.00),(458,21094509,'2025-09-25 02:00:00','present',62,3.07086273,101.56615929,16.00),(459,21094509,'2025-10-02 02:00:00','present',63,3.07112323,101.56641800,17.00),(460,21094509,'2025-10-09 02:00:00','present',64,3.07085374,101.56609462,18.00),(461,21094509,'2025-10-16 02:00:00','present',65,3.07113222,101.56632099,19.00),(462,21094509,'2025-10-30 02:00:00','present',67,3.07114120,101.56634524,5.00),(463,21094509,'2025-11-06 02:00:00','present',68,3.07079086,101.56616738,6.00),(464,21094509,'2025-11-20 02:00:00','present',69,3.07115018,101.56640992,7.00),(465,21094509,'2025-11-27 02:00:00','present',70,3.07078188,101.56610270,8.00),(466,21094509,'2025-12-04 02:00:00','present',71,3.07097951,101.56627248,9.00),(467,21094510,'2025-09-23 02:00:00','present',19,3.07087171,101.56618355,6.00),(468,21094510,'2025-09-30 02:00:00','present',20,3.07106934,101.56635333,7.00),(469,21094510,'2025-10-07 02:00:00','present',21,3.07086273,101.56615929,8.00),(470,21094510,'2025-10-14 02:00:00','present',22,3.07112323,101.56641800,9.00),(471,21094510,'2025-10-21 02:00:00','present',23,3.07085374,101.56609462,10.00),(472,21094510,'2025-10-28 02:00:00','present',24,3.07113222,101.56632099,11.00),(473,21094510,'2025-11-18 02:00:00','present',26,3.07114120,101.56634524,13.00),(474,21094510,'2025-11-25 02:00:00','present',27,3.07079086,101.56616738,14.00),(475,21094510,'2025-12-02 02:00:00','present',28,3.07115018,101.56640992,15.00),(476,21094510,'2025-12-09 02:00:00','present',29,3.07078188,101.56610270,16.00),(477,21094510,'2025-09-25 05:00:00','present',30,3.07097951,101.56627248,17.00),(478,21094510,'2025-10-02 05:00:00','present',31,3.07095256,101.56624014,18.00),(479,21094510,'2025-10-23 05:00:00','present',34,3.07104239,101.56640183,5.00),(480,21094510,'2025-10-30 05:00:00','present',35,3.07093459,101.56615121,6.00),(481,21094510,'2025-11-06 05:00:00','present',36,3.07105137,101.56642609,7.00),(482,21094510,'2025-11-20 05:00:00','present',37,3.07088069,101.56624822,8.00),(483,21094510,'2025-11-27 05:00:00','present',38,3.07106035,101.56632907,9.00),(484,21094510,'2025-12-04 05:00:00','present',39,3.07087171,101.56618355,10.00),(485,21094510,'2025-09-29 03:00:00','present',41,3.07086273,101.56615929,12.00),(486,21094510,'2025-10-06 03:00:00','present',42,3.07112323,101.56641800,13.00),(487,21094510,'2025-10-13 03:00:00','present',43,3.07085374,101.56609462,14.00),(488,21094510,'2025-10-20 03:00:00','present',44,3.07113222,101.56632099,15.00),(489,21094510,'2025-10-27 03:00:00','present',45,3.07084476,101.56623205,16.00),(490,21094510,'2025-11-03 03:00:00','present',46,3.07114120,101.56634524,17.00),(491,21094510,'2025-11-17 03:00:00','present',47,3.07079086,101.56616738,18.00),(492,21094510,'2025-12-01 03:00:00','present',49,3.07078188,101.56610270,20.00),(493,21094510,'2025-12-08 03:00:00','present',50,3.07097951,101.56627248,5.00),(494,21094510,'2025-09-23 06:00:00','present',51,3.07095256,101.56624014,6.00),(495,21094510,'2025-09-30 06:00:00','present',52,3.07103340,101.56633716,7.00),(496,21094510,'2025-10-07 06:00:00','present',53,3.07094357,101.56617546,8.00),(497,21094510,'2025-10-14 06:00:00','present',54,3.07104239,101.56640183,9.00),(498,21094510,'2025-11-04 06:00:00','present',57,3.07088069,101.56624822,12.00),(499,21094510,'2025-11-18 06:00:00','present',58,3.07106035,101.56632907,13.00),(500,21094510,'2025-11-25 06:00:00','present',59,3.07087171,101.56618355,14.00),(501,21094510,'2025-12-02 06:00:00','present',60,3.07106934,101.56635333,15.00),(502,21094510,'2025-12-09 06:00:00','present',61,3.07086273,101.56615929,16.00),(503,21094510,'2025-09-25 02:00:00','present',62,3.07112323,101.56641800,17.00),(504,21094510,'2025-10-09 02:00:00','present',64,3.07113222,101.56632099,19.00),(505,21094510,'2025-10-16 02:00:00','present',65,3.07084476,101.56623205,20.00),(506,21094510,'2025-10-23 02:00:00','present',66,3.07114120,101.56634524,5.00),(507,21094510,'2025-10-30 02:00:00','present',67,3.07079086,101.56616738,6.00),(508,21094510,'2025-11-06 02:00:00','present',68,3.07115018,101.56640992,7.00),(509,21094510,'2025-11-20 02:00:00','present',69,3.07078188,101.56610270,8.00),(510,21094510,'2025-11-27 02:00:00','present',70,3.07097951,101.56627248,9.00),(511,21094511,'2025-09-23 02:00:00','present',19,3.07106934,101.56635333,7.00),(512,21094511,'2025-09-30 02:00:00','present',20,3.07086273,101.56615929,8.00),(513,21094511,'2025-10-07 02:00:00','present',21,3.07112323,101.56641800,9.00),(514,21094511,'2025-10-21 02:00:00','present',23,3.07113222,101.56632099,11.00),(515,21094511,'2025-10-28 02:00:00','present',24,3.07084476,101.56623205,12.00),(516,21094511,'2025-11-04 02:00:00','present',25,3.07114120,101.56634524,13.00),(517,21094511,'2025-11-18 02:00:00','present',26,3.07079086,101.56616738,14.00),(518,21094511,'2025-11-25 02:00:00','present',27,3.07115018,101.56640992,15.00),(519,21094511,'2025-12-02 02:00:00','present',28,3.07078188,101.56610270,16.00),(520,21094511,'2025-12-09 02:00:00','present',29,3.07097951,101.56627248,17.00),(521,21094511,'2025-10-02 05:00:00','present',31,3.07103340,101.56633716,19.00),(522,21094511,'2025-10-09 05:00:00','present',32,3.07094357,101.56617546,20.00),(523,21094511,'2025-10-16 05:00:00','present',33,3.07104239,101.56640183,5.00),(524,21094511,'2025-10-23 05:00:00','present',34,3.07093459,101.56615121,6.00),(525,21094511,'2025-10-30 05:00:00','present',35,3.07105137,101.56642609,7.00),(526,21094511,'2025-11-06 05:00:00','present',36,3.07088069,101.56624822,8.00),(527,21094511,'2025-11-27 05:00:00','present',38,3.07087171,101.56618355,10.00),(528,21094511,'2025-12-04 05:00:00','present',39,3.07106934,101.56635333,11.00),(529,21094511,'2025-09-22 03:00:00','present',40,3.07086273,101.56615929,12.00),(530,21094511,'2025-09-29 03:00:00','present',41,3.07112323,101.56641800,13.00),(531,21094511,'2025-10-06 03:00:00','present',42,3.07085374,101.56609462,14.00),(532,21094511,'2025-10-13 03:00:00','present',43,3.07113222,101.56632099,15.00),(533,21094511,'2025-10-20 03:00:00','present',44,3.07084476,101.56623205,16.00),(534,21094511,'2025-11-03 03:00:00','present',46,3.07079086,101.56616738,18.00),(535,21094511,'2025-11-17 03:00:00','present',47,3.07115018,101.56640992,19.00),(536,21094511,'2025-11-24 03:00:00','present',48,3.07078188,101.56610270,20.00),(537,21094511,'2025-12-01 03:00:00','present',49,3.07097951,101.56627248,5.00),(538,21094511,'2025-12-08 03:00:00','present',50,3.07095256,101.56624014,6.00),(539,21094511,'2025-09-23 06:00:00','present',51,3.07103340,101.56633716,7.00),(540,21094511,'2025-09-30 06:00:00','present',52,3.07094357,101.56617546,8.00),(541,21094511,'2025-10-14 06:00:00','present',54,3.07093459,101.56615121,10.00),(542,21094511,'2025-10-21 06:00:00','present',55,3.07105137,101.56642609,11.00),(543,21094511,'2025-10-28 06:00:00','present',56,3.07088069,101.56624822,12.00),(544,21094511,'2025-11-04 06:00:00','present',57,3.07106035,101.56632907,13.00),(545,21094511,'2025-11-18 06:00:00','present',58,3.07087171,101.56618355,14.00),(546,21094511,'2025-11-25 06:00:00','present',59,3.07106934,101.56635333,15.00),(547,21094511,'2025-12-09 06:00:00','present',61,3.07112323,101.56641800,17.00),(548,21094511,'2025-09-25 02:00:00','present',62,3.07085374,101.56609462,18.00),(549,21094511,'2025-10-02 02:00:00','present',63,3.07113222,101.56632099,19.00),(550,21094511,'2025-10-09 02:00:00','present',64,3.07084476,101.56623205,20.00),(551,21094511,'2025-10-16 02:00:00','present',65,3.07114120,101.56634524,5.00),(552,21094511,'2025-10-23 02:00:00','present',66,3.07079086,101.56616738,6.00),(553,21094511,'2025-10-30 02:00:00','present',67,3.07115018,101.56640992,7.00),(554,21094511,'2025-11-20 02:00:00','present',69,3.07097951,101.56627248,9.00),(555,21094511,'2025-11-27 02:00:00','present',70,3.07095256,101.56624014,10.00),(556,21094511,'2025-12-04 02:00:00','present',71,3.07103340,101.56633716,11.00),(557,21094512,'2025-09-30 02:00:00','present',20,3.07112323,101.56641800,9.00),(558,21094512,'2025-10-07 02:00:00','present',21,3.07085374,101.56609462,10.00),(559,21094512,'2025-10-14 02:00:00','present',22,3.07113222,101.56632099,11.00),(560,21094512,'2025-10-21 02:00:00','present',23,3.07084476,101.56623205,12.00),(561,21094512,'2025-10-28 02:00:00','present',24,3.07114120,101.56634524,13.00),(562,21094512,'2025-11-04 02:00:00','present',25,3.07079086,101.56616738,14.00),(563,21094512,'2025-11-18 02:00:00','present',26,3.07115018,101.56640992,15.00),(564,21094512,'2025-12-02 02:00:00','present',28,3.07097951,101.56627248,17.00),(565,21094512,'2025-12-09 02:00:00','present',29,3.07095256,101.56624014,18.00),(566,21094512,'2025-09-25 05:00:00','present',30,3.07103340,101.56633716,19.00),(567,21094512,'2025-10-02 05:00:00','present',31,3.07094357,101.56617546,20.00),(568,21094512,'2025-10-09 05:00:00','present',32,3.07104239,101.56640183,5.00),(569,21094512,'2025-10-16 05:00:00','present',33,3.07093459,101.56615121,6.00),(570,21094512,'2025-10-23 05:00:00','present',34,3.07105137,101.56642609,7.00),(571,21094512,'2025-11-06 05:00:00','present',36,3.07106035,101.56632907,9.00),(572,21094512,'2025-11-20 05:00:00','present',37,3.07087171,101.56618355,10.00),(573,21094512,'2025-11-27 05:00:00','present',38,3.07106934,101.56635333,11.00),(574,21094512,'2025-12-04 05:00:00','present',39,3.07086273,101.56615929,12.00),(575,21094512,'2025-09-22 03:00:00','present',40,3.07112323,101.56641800,13.00),(576,21094512,'2025-09-29 03:00:00','present',41,3.07085374,101.56609462,14.00),(577,21094512,'2025-10-13 03:00:00','present',43,3.07084476,101.56623205,16.00),(578,21094512,'2025-10-20 03:00:00','present',44,3.07114120,101.56634524,17.00),(579,21094512,'2025-10-27 03:00:00','present',45,3.07079086,101.56616738,18.00),(580,21094512,'2025-11-03 03:00:00','present',46,3.07115018,101.56640992,19.00),(581,21094512,'2025-11-17 03:00:00','present',47,3.07078188,101.56610270,20.00),(582,21094512,'2025-11-24 03:00:00','present',48,3.07097951,101.56627248,5.00),(583,21094512,'2025-12-01 03:00:00','present',49,3.07095256,101.56624014,6.00),(584,21094512,'2025-09-23 06:00:00','present',51,3.07094357,101.56617546,8.00),(585,21094512,'2025-09-30 06:00:00','present',52,3.07104239,101.56640183,9.00),(586,21094512,'2025-10-07 06:00:00','present',53,3.07093459,101.56615121,10.00),(587,21094512,'2025-10-14 06:00:00','present',54,3.07105137,101.56642609,11.00),(588,21094512,'2025-10-21 06:00:00','present',55,3.07088069,101.56624822,12.00),(589,21094512,'2025-10-28 06:00:00','present',56,3.07106035,101.56632907,13.00),(590,21094512,'2025-11-04 06:00:00','present',57,3.07087171,101.56618355,14.00),(591,21094512,'2025-11-25 06:00:00','present',59,3.07086273,101.56615929,16.00),(592,21094512,'2025-12-02 06:00:00','present',60,3.07112323,101.56641800,17.00),(593,21094512,'2025-12-09 06:00:00','present',61,3.07085374,101.56609462,18.00),(594,21094512,'2025-09-25 02:00:00','present',62,3.07113222,101.56632099,19.00),(595,21094512,'2025-10-02 02:00:00','present',63,3.07084476,101.56623205,20.00),(596,21094512,'2025-10-09 02:00:00','present',64,3.07114120,101.56634524,5.00),(597,21094512,'2025-10-23 02:00:00','present',66,3.07115018,101.56640992,7.00),(598,21094512,'2025-10-30 02:00:00','present',67,3.07078188,101.56610270,8.00),(599,21094512,'2025-11-06 02:00:00','present',68,3.07097951,101.56627248,9.00),(600,21094512,'2025-11-20 02:00:00','present',69,3.07095256,101.56624014,10.00),(601,21094512,'2025-11-27 02:00:00','present',70,3.07103340,101.56633716,11.00),(602,21094512,'2025-12-04 02:00:00','present',71,3.07094357,101.56617546,12.00),(603,21094513,'2025-09-23 02:00:00','present',19,3.07112323,101.56641800,9.00),(604,21094513,'2025-09-30 02:00:00','present',20,3.07085374,101.56609462,10.00),(605,21094513,'2025-10-07 02:00:00','present',21,3.07113222,101.56632099,11.00),(606,21094513,'2025-10-14 02:00:00','present',22,3.07084476,101.56623205,12.00),(607,21094513,'2025-10-21 02:00:00','present',23,3.07114120,101.56634524,13.00),(608,21094513,'2025-11-04 02:00:00','present',25,3.07115018,101.56640992,15.00),(609,21094513,'2025-11-18 02:00:00','present',26,3.07078188,101.56610270,16.00),(610,21094513,'2025-11-25 02:00:00','present',27,3.07097951,101.56627248,17.00),(611,21094513,'2025-12-02 02:00:00','present',28,3.07095256,101.56624014,18.00),(612,21094513,'2025-12-09 02:00:00','present',29,3.07103340,101.56633716,19.00),(613,21094513,'2025-09-25 05:00:00','present',30,3.07094357,101.56617546,20.00),(614,21094513,'2025-10-02 05:00:00','present',31,3.07104239,101.56640183,5.00),(615,21094513,'2025-10-16 05:00:00','present',33,3.07105137,101.56642609,7.00),(616,21094513,'2025-10-23 05:00:00','present',34,3.07088069,101.56624822,8.00),(617,21094513,'2025-10-30 05:00:00','present',35,3.07106035,101.56632907,9.00),(618,21094513,'2025-11-06 05:00:00','present',36,3.07087171,101.56618355,10.00),(619,21094513,'2025-11-20 05:00:00','present',37,3.07106934,101.56635333,11.00),(620,21094513,'2025-11-27 05:00:00','present',38,3.07086273,101.56615929,12.00),(621,21094513,'2025-12-04 05:00:00','present',39,3.07112323,101.56641800,13.00),(622,21094513,'2025-09-22 03:00:00','present',40,3.07085374,101.56609462,14.00),(623,21094513,'2025-09-29 03:00:00','present',41,3.07113222,101.56632099,15.00),(624,21094513,'2025-10-06 03:00:00','present',42,3.07084476,101.56623205,16.00),(625,21094513,'2025-10-13 03:00:00','present',43,3.07114120,101.56634524,17.00),(626,21094513,'2025-10-20 03:00:00','present',44,3.07079086,101.56616738,18.00),(627,21094513,'2025-10-27 03:00:00','present',45,3.07115018,101.56640992,19.00),(628,21094513,'2025-11-03 03:00:00','present',46,3.07078188,101.56610270,20.00),(629,21094513,'2025-11-24 03:00:00','present',48,3.07095256,101.56624014,6.00),(630,21094513,'2025-12-01 03:00:00','present',49,3.07103340,101.56633716,7.00),(631,21094513,'2025-12-08 03:00:00','present',50,3.07094357,101.56617546,8.00),(632,21094513,'2025-09-23 06:00:00','present',51,3.07104239,101.56640183,9.00),(633,21094513,'2025-09-30 06:00:00','present',52,3.07093459,101.56615121,10.00),(634,21094513,'2025-10-07 06:00:00','present',53,3.07105137,101.56642609,11.00),(635,21094513,'2025-10-14 06:00:00','present',54,3.07088069,101.56624822,12.00),(636,21094513,'2025-10-28 06:00:00','present',56,3.07087171,101.56618355,14.00),(637,21094513,'2025-11-04 06:00:00','present',57,3.07106934,101.56635333,15.00),(638,21094513,'2025-11-18 06:00:00','present',58,3.07086273,101.56615929,16.00),(639,21094513,'2025-11-25 06:00:00','present',59,3.07112323,101.56641800,17.00),(640,21094513,'2025-12-02 06:00:00','present',60,3.07085374,101.56609462,18.00),(641,21094513,'2025-12-09 06:00:00','present',61,3.07113222,101.56632099,19.00),(642,21094513,'2025-09-25 02:00:00','present',62,3.07084476,101.56623205,20.00),(643,21094513,'2025-10-02 02:00:00','present',63,3.07114120,101.56634524,5.00),(644,21094513,'2025-10-09 02:00:00','present',64,3.07079086,101.56616738,6.00),(645,21094513,'2025-10-16 02:00:00','present',65,3.07115018,101.56640992,7.00),(646,21094513,'2025-10-23 02:00:00','present',66,3.07078188,101.56610270,8.00),(647,21094513,'2025-10-30 02:00:00','present',67,3.07097951,101.56627248,9.00),(648,21094513,'2025-11-06 02:00:00','present',68,3.07095256,101.56624014,10.00),(649,21094513,'2025-11-20 02:00:00','present',69,3.07103340,101.56633716,11.00),(650,21094513,'2025-12-04 02:00:00','present',71,3.07104239,101.56640183,13.00),(651,21094514,'2025-09-23 02:00:00','present',19,3.07085374,101.56609462,10.00),(652,21094514,'2025-09-30 02:00:00','present',20,3.07113222,101.56632099,11.00),(653,21094514,'2025-10-14 02:00:00','present',22,3.07114120,101.56634524,13.00),(654,21094514,'2025-10-21 02:00:00','present',23,3.07079086,101.56616738,14.00),(655,21094514,'2025-10-28 02:00:00','present',24,3.07115018,101.56640992,15.00),(656,21094514,'2025-11-04 02:00:00','present',25,3.07078188,101.56610270,16.00),(657,21094514,'2025-11-18 02:00:00','present',26,3.07097951,101.56627248,17.00),(658,21094514,'2025-11-25 02:00:00','present',27,3.07095256,101.56624014,18.00),(659,21094514,'2025-09-25 05:00:00','present',30,3.07104239,101.56640183,5.00),(660,21094514,'2025-10-02 05:00:00','present',31,3.07093459,101.56615121,6.00),(661,21094514,'2025-10-09 05:00:00','present',32,3.07105137,101.56642609,7.00),(662,21094514,'2025-10-16 05:00:00','present',33,3.07088069,101.56624822,8.00),(663,21094514,'2025-10-23 05:00:00','present',34,3.07106035,101.56632907,9.00),(664,21094514,'2025-10-30 05:00:00','present',35,3.07087171,101.56618355,10.00),(665,21094514,'2025-11-27 05:00:00','present',38,3.07112323,101.56641800,13.00),(666,21094514,'2025-12-04 05:00:00','present',39,3.07085374,101.56609462,14.00),(667,21094514,'2025-09-22 03:00:00','present',40,3.07113222,101.56632099,15.00),(668,21094514,'2025-09-29 03:00:00','present',41,3.07084476,101.56623205,16.00),(669,21094514,'2025-10-06 03:00:00','present',42,3.07114120,101.56634524,17.00),(670,21094514,'2025-10-13 03:00:00','present',43,3.07079086,101.56616738,18.00),(671,21094514,'2025-10-27 03:00:00','present',45,3.07078188,101.56610270,20.00),(672,21094514,'2025-11-03 03:00:00','present',46,3.07097951,101.56627248,5.00),(673,21094514,'2025-11-17 03:00:00','present',47,3.07095256,101.56624014,6.00),(674,21094514,'2025-11-24 03:00:00','present',48,3.07103340,101.56633716,7.00),(675,21094514,'2025-12-01 03:00:00','present',49,3.07094357,101.56617546,8.00),(676,21094514,'2025-12-08 03:00:00','present',50,3.07104239,101.56640183,9.00),(677,21094514,'2025-10-07 06:00:00','present',53,3.07088069,101.56624822,12.00),(678,21094514,'2025-10-14 06:00:00','present',54,3.07106035,101.56632907,13.00),(679,21094514,'2025-10-21 06:00:00','present',55,3.07087171,101.56618355,14.00),(680,21094514,'2025-10-28 06:00:00','present',56,3.07106934,101.56635333,15.00),(681,21094514,'2025-11-04 06:00:00','present',57,3.07086273,101.56615929,16.00),(682,21094514,'2025-11-18 06:00:00','present',58,3.07112323,101.56641800,17.00),(683,21094514,'2025-12-09 06:00:00','present',61,3.07084476,101.56623205,20.00),(684,21094514,'2025-09-25 02:00:00','present',62,3.07114120,101.56634524,5.00),(685,21094514,'2025-10-02 02:00:00','present',63,3.07079086,101.56616738,6.00),(686,21094514,'2025-10-09 02:00:00','present',64,3.07115018,101.56640992,7.00),(687,21094514,'2025-10-16 02:00:00','present',65,3.07078188,101.56610270,8.00),(688,21094514,'2025-10-23 02:00:00','present',66,3.07097951,101.56627248,9.00),(689,21094514,'2025-11-06 02:00:00','present',68,3.07103340,101.56633716,11.00),(690,21094514,'2025-11-20 02:00:00','present',69,3.07094357,101.56617546,12.00),(691,21094514,'2025-11-27 02:00:00','present',70,3.07104239,101.56640183,13.00),(692,21094514,'2025-12-04 02:00:00','present',71,3.07093459,101.56615121,14.00),(693,21094515,'2025-09-23 02:00:00','present',19,3.07113222,101.56632099,11.00),(694,21094515,'2025-09-30 02:00:00','present',20,3.07084476,101.56623205,12.00),(695,21094515,'2025-10-07 02:00:00','present',21,3.07114120,101.56634524,13.00),(696,21094515,'2025-10-14 02:00:00','present',22,3.07079086,101.56616738,14.00),(697,21094515,'2025-10-21 02:00:00','present',23,3.07115018,101.56640992,15.00),(698,21094515,'2025-10-28 02:00:00','present',24,3.07078188,101.56610270,16.00),(699,21094515,'2025-11-04 02:00:00','present',25,3.07097951,101.56627248,17.00),(700,21094515,'2025-11-25 02:00:00','present',27,3.07103340,101.56633716,19.00),(701,21094515,'2025-12-02 02:00:00','present',28,3.07094357,101.56617546,20.00),(702,21094515,'2025-12-09 02:00:00','present',29,3.07104239,101.56640183,5.00),(703,21094515,'2025-09-25 05:00:00','present',30,3.07093459,101.56615121,6.00),(704,21094515,'2025-10-02 05:00:00','present',31,3.07105137,101.56642609,7.00),(705,21094515,'2025-10-09 05:00:00','present',32,3.07088069,101.56624822,8.00),(706,21094515,'2025-10-30 05:00:00','present',35,3.07106934,101.56635333,11.00),(707,21094515,'2025-11-06 05:00:00','present',36,3.07086273,101.56615929,12.00),(708,21094515,'2025-11-20 05:00:00','present',37,3.07112323,101.56641800,13.00),(709,21094515,'2025-11-27 05:00:00','present',38,3.07085374,101.56609462,14.00),(710,21094515,'2025-12-04 05:00:00','present',39,3.07113222,101.56632099,15.00),(711,21094515,'2025-09-22 03:00:00','present',40,3.07084476,101.56623205,16.00),(712,21094515,'2025-10-06 03:00:00','present',42,3.07079086,101.56616738,18.00),(713,21094515,'2025-10-13 03:00:00','present',43,3.07115018,101.56640992,19.00),(714,21094515,'2025-10-20 03:00:00','present',44,3.07078188,101.56610270,20.00),(715,21094515,'2025-10-27 03:00:00','present',45,3.07097951,101.56627248,5.00),(716,21094515,'2025-11-03 03:00:00','present',46,3.07095256,101.56624014,6.00),(717,21094515,'2025-11-17 03:00:00','present',47,3.07103340,101.56633716,7.00),(718,21094515,'2025-11-24 03:00:00','present',48,3.07094357,101.56617546,8.00),(719,21094515,'2025-12-08 03:00:00','present',50,3.07093459,101.56615121,10.00),(720,21094515,'2025-09-23 06:00:00','present',51,3.07105137,101.56642609,11.00),(721,21094515,'2025-09-30 06:00:00','present',52,3.07088069,101.56624822,12.00),(722,21094515,'2025-10-07 06:00:00','present',53,3.07106035,101.56632907,13.00),(723,21094515,'2025-10-14 06:00:00','present',54,3.07087171,101.56618355,14.00),(724,21094515,'2025-10-21 06:00:00','present',55,3.07106934,101.56635333,15.00),(725,21094515,'2025-11-18 06:00:00','present',58,3.07085374,101.56609462,18.00),(726,21094515,'2025-11-25 06:00:00','present',59,3.07113222,101.56632099,19.00),(727,21094515,'2025-12-02 06:00:00','present',60,3.07084476,101.56623205,20.00),(728,21094515,'2025-12-09 06:00:00','present',61,3.07114120,101.56634524,5.00),(729,21094515,'2025-09-25 02:00:00','present',62,3.07079086,101.56616738,6.00),(730,21094515,'2025-10-02 02:00:00','present',63,3.07115018,101.56640992,7.00),(731,21094515,'2025-10-16 02:00:00','present',65,3.07097951,101.56627248,9.00),(732,21094515,'2025-10-23 02:00:00','present',66,3.07095256,101.56624014,10.00),(733,21094515,'2025-10-30 02:00:00','present',67,3.07103340,101.56633716,11.00),(734,21094515,'2025-11-06 02:00:00','present',68,3.07094357,101.56617546,12.00),(735,21094515,'2025-11-20 02:00:00','present',69,3.07104239,101.56640183,13.00),(736,21094515,'2025-11-27 02:00:00','present',70,3.07093459,101.56615121,14.00),(737,21094515,'2025-12-04 02:00:00','present',71,3.07105137,101.56642609,15.00),(738,21094516,'2025-09-22 00:00:00','present',1,3.07079086,101.56616738,10.00),(739,21094516,'2025-09-29 00:00:00','present',2,3.07115018,101.56640992,11.00),(740,21094516,'2025-10-06 00:00:00','present',3,3.07078188,101.56610270,12.00),(741,21094516,'2025-10-13 00:00:00','present',4,3.07097951,101.56627248,13.00),(742,21094516,'2025-10-20 00:00:00','present',5,3.07095256,101.56624014,14.00),(743,21094516,'2025-10-27 00:00:00','present',6,3.07103340,101.56633716,15.00),(744,21094516,'2025-09-22 03:00:00','present',40,3.07114120,101.56634524,17.00),(745,21094516,'2025-09-29 03:00:00','present',41,3.07079086,101.56616738,18.00),(746,21094516,'2025-10-06 03:00:00','present',42,3.07115018,101.56640992,19.00),(747,21094516,'2025-10-13 03:00:00','present',43,3.07078188,101.56610270,20.00),(748,21094516,'2025-10-20 03:00:00','present',44,3.07097951,101.56627248,5.00),(749,21094516,'2025-10-27 03:00:00','present',45,3.07095256,101.56624014,6.00),(750,21094516,'2025-11-17 03:00:00','present',47,3.07094357,101.56617546,8.00),(751,21094516,'2025-11-24 03:00:00','present',48,3.07104239,101.56640183,9.00),(752,21094516,'2025-12-01 03:00:00','present',49,3.07093459,101.56615121,10.00),(753,21094516,'2025-12-08 03:00:00','present',50,3.07105137,101.56642609,11.00),(754,21094517,'2025-09-22 00:00:00','present',1,3.07115018,101.56640992,11.00),(755,21094517,'2025-09-29 00:00:00','present',2,3.07078188,101.56610270,12.00),(756,21094517,'2025-10-06 00:00:00','present',3,3.07097951,101.56627248,13.00),(757,21094517,'2025-10-13 00:00:00','present',4,3.07095256,101.56624014,14.00),(758,21094517,'2025-10-27 00:00:00','present',6,3.07094357,101.56617546,16.00),(759,21094517,'2025-11-03 00:00:00','present',7,3.07104239,101.56640183,17.00),(760,21094517,'2025-09-22 03:00:00','present',40,3.07079086,101.56616738,18.00),(761,21094517,'2025-09-29 03:00:00','present',41,3.07115018,101.56640992,19.00),(762,21094517,'2025-10-06 03:00:00','present',42,3.07078188,101.56610270,20.00),(763,21094517,'2025-10-20 03:00:00','present',44,3.07095256,101.56624014,6.00),(764,21094517,'2025-10-27 03:00:00','present',45,3.07103340,101.56633716,7.00),(765,21094517,'2025-11-03 03:00:00','present',46,3.07094357,101.56617546,8.00),(766,21094517,'2025-11-17 03:00:00','present',47,3.07104239,101.56640183,9.00),(767,21094517,'2025-11-24 03:00:00','present',48,3.07093459,101.56615121,10.00),(768,21094517,'2025-12-01 03:00:00','present',49,3.07105137,101.56642609,11.00),(769,21094517,'2025-12-08 03:00:00','present',50,3.07088069,101.56624822,12.00),(770,21094518,'2025-09-23 02:00:00','present',19,3.07079086,101.56616738,14.00),(771,21094518,'2025-09-30 02:00:00','present',20,3.07115018,101.56640992,15.00),(772,21094518,'2025-10-07 02:00:00','present',21,3.07078188,101.56610270,16.00),(773,21094518,'2025-10-14 02:00:00','present',22,3.07097951,101.56627248,17.00),(774,21094518,'2025-10-21 02:00:00','present',23,3.07095256,101.56624014,18.00),(775,21094518,'2025-10-28 02:00:00','present',24,3.07103340,101.56633716,19.00),(776,21094518,'2025-11-18 02:00:00','present',26,3.07104239,101.56640183,5.00),(777,21094518,'2025-11-25 02:00:00','present',27,3.07093459,101.56615121,6.00),(778,21094518,'2025-12-02 02:00:00','present',28,3.07105137,101.56642609,7.00),(779,21094518,'2025-12-09 02:00:00','present',29,3.07088069,101.56624822,8.00),(780,21094518,'2025-09-25 05:00:00','present',30,3.07106035,101.56632907,9.00),(781,21094518,'2025-10-02 05:00:00','present',31,3.07087171,101.56618355,10.00),(782,21094518,'2025-10-09 05:00:00','present',32,3.07106934,101.56635333,11.00),(783,21094518,'2025-10-23 05:00:00','present',34,3.07112323,101.56641800,13.00),(784,21094518,'2025-10-30 05:00:00','present',35,3.07085374,101.56609462,14.00),(785,21094518,'2025-11-06 05:00:00','present',36,3.07113222,101.56632099,15.00),(786,21094518,'2025-11-20 05:00:00','present',37,3.07084476,101.56623205,16.00),(787,21094518,'2025-11-27 05:00:00','present',38,3.07114120,101.56634524,17.00),(788,21094518,'2025-12-04 05:00:00','present',39,3.07079086,101.56616738,18.00),(789,21094519,'2025-09-23 02:00:00','present',19,3.07115018,101.56640992,15.00),(790,21094519,'2025-09-30 02:00:00','present',20,3.07078188,101.56610270,16.00),(791,21094519,'2025-10-07 02:00:00','present',21,3.07097951,101.56627248,17.00),(792,21094519,'2025-10-21 02:00:00','present',23,3.07103340,101.56633716,19.00),(793,21094519,'2025-10-28 02:00:00','present',24,3.07094357,101.56617546,20.00),(794,21094519,'2025-11-04 02:00:00','present',25,3.07104239,101.56640183,5.00),(795,21094519,'2025-11-18 02:00:00','present',26,3.07093459,101.56615121,6.00),(796,21094519,'2025-11-25 02:00:00','present',27,3.07105137,101.56642609,7.00),(797,21094519,'2025-12-02 02:00:00','present',28,3.07088069,101.56624822,8.00),(798,21094519,'2025-12-09 02:00:00','present',29,3.07106035,101.56632907,9.00),(799,21094519,'2025-10-02 05:00:00','present',31,3.07106934,101.56635333,11.00),(800,21094519,'2025-10-09 05:00:00','present',32,3.07086273,101.56615929,12.00),(801,21094519,'2025-10-16 05:00:00','present',33,3.07112323,101.56641800,13.00),(802,21094519,'2025-10-23 05:00:00','present',34,3.07085374,101.56609462,14.00),(803,21094519,'2025-10-30 05:00:00','present',35,3.07113222,101.56632099,15.00),(804,21094519,'2025-11-06 05:00:00','present',36,3.07084476,101.56623205,16.00),(805,21094519,'2025-11-20 05:00:00','present',37,3.07114120,101.56634524,17.00),(806,21094519,'2025-12-04 05:00:00','present',39,3.07115018,101.56640992,19.00),(807,21094520,'2025-09-23 06:00:00','present',51,3.07086273,101.56615929,16.00),(808,21094520,'2025-09-30 06:00:00','present',52,3.07112323,101.56641800,17.00),(809,21094520,'2025-10-07 06:00:00','present',53,3.07085374,101.56609462,18.00),(810,21094520,'2025-10-14 06:00:00','present',54,3.07113222,101.56632099,19.00),(811,21094520,'2025-10-21 06:00:00','present',55,3.07084476,101.56623205,20.00),(812,21094520,'2025-10-28 06:00:00','present',56,3.07114120,101.56634524,5.00),(813,21094520,'2025-11-04 06:00:00','present',57,3.07079086,101.56616738,6.00),(814,21094520,'2025-11-25 06:00:00','present',59,3.07078188,101.56610270,8.00),(815,21094520,'2025-12-02 06:00:00','present',60,3.07097951,101.56627248,9.00),(816,21094520,'2025-12-09 06:00:00','present',61,3.07095256,101.56624014,10.00),(817,21094520,'2025-09-25 02:00:00','present',62,3.07103340,101.56633716,11.00),(818,21094520,'2025-10-02 02:00:00','present',63,3.07094357,101.56617546,12.00),(819,21094520,'2025-10-09 02:00:00','present',64,3.07104239,101.56640183,13.00),(820,21094520,'2025-10-16 02:00:00','present',65,3.07093459,101.56615121,14.00),(821,21094520,'2025-10-30 02:00:00','present',67,3.07088069,101.56624822,16.00),(822,21094520,'2025-11-06 02:00:00','present',68,3.07106035,101.56632907,17.00),(823,21094520,'2025-11-20 02:00:00','present',69,3.07087171,101.56618355,18.00),(824,21094520,'2025-11-27 02:00:00','present',70,3.07106934,101.56635333,19.00),(825,21094520,'2025-12-04 02:00:00','present',71,3.07086273,101.56615929,20.00),(826,21094521,'2025-09-23 06:00:00','present',51,3.07112323,101.56641800,17.00),(827,21094521,'2025-09-30 06:00:00','present',52,3.07085374,101.56609462,18.00),(828,21094521,'2025-10-07 06:00:00','present',53,3.07113222,101.56632099,19.00),(829,21094521,'2025-10-28 06:00:00','present',56,3.07079086,101.56616738,6.00),(830,21094521,'2025-11-04 06:00:00','present',57,3.07115018,101.56640992,7.00),(831,21094521,'2025-11-18 06:00:00','present',58,3.07078188,101.56610270,8.00),(832,21094521,'2025-11-25 06:00:00','present',59,3.07097951,101.56627248,9.00),(833,21094521,'2025-12-02 06:00:00','present',60,3.07095256,101.56624014,10.00),(834,21094521,'2025-12-09 06:00:00','present',61,3.07103340,101.56633716,11.00),(835,21094521,'2025-10-09 02:00:00','present',64,3.07093459,101.56615121,14.00),(836,21094521,'2025-10-16 02:00:00','present',65,3.07105137,101.56642609,15.00),(837,21094521,'2025-10-23 02:00:00','present',66,3.07088069,101.56624822,16.00),(838,21094521,'2025-10-30 02:00:00','present',67,3.07106035,101.56632907,17.00),(839,21094521,'2025-11-06 02:00:00','present',68,3.07087171,101.56618355,18.00),(840,21094521,'2025-11-20 02:00:00','present',69,3.07106934,101.56635333,19.00),(841,21094521,'2025-12-04 02:00:00','present',71,3.07112323,101.56641800,5.00),(842,21094522,'2025-09-22 00:00:00','present',1,3.07094357,101.56617546,16.00),(843,21094522,'2025-09-29 00:00:00','present',2,3.07104239,101.56640183,17.00),(844,21094522,'2025-10-06 00:00:00','present',3,3.07093459,101.56615121,18.00),(845,21094522,'2025-10-13 00:00:00','present',4,3.07105137,101.56642609,19.00),(846,21094522,'2025-10-20 00:00:00','present',5,3.07088069,101.56624822,20.00),(847,21094522,'2025-11-03 00:00:00','present',7,3.07087171,101.56618355,6.00),(848,21094522,'2025-09-23 02:00:00','present',19,3.07095256,101.56624014,18.00),(849,21094522,'2025-09-30 02:00:00','present',20,3.07103340,101.56633716,19.00),(850,21094522,'2025-10-14 02:00:00','present',22,3.07104239,101.56640183,5.00),(851,21094522,'2025-10-21 02:00:00','present',23,3.07093459,101.56615121,6.00),(852,21094522,'2025-10-28 02:00:00','present',24,3.07105137,101.56642609,7.00),(853,21094522,'2025-11-04 02:00:00','present',25,3.07088069,101.56624822,8.00),(854,21094522,'2025-11-18 02:00:00','present',26,3.07106035,101.56632907,9.00),(855,21094522,'2025-11-25 02:00:00','present',27,3.07087171,101.56618355,10.00),(856,21094522,'2025-12-02 02:00:00','present',28,3.07106934,101.56635333,11.00),(857,21094523,'2025-09-24 06:00:00','present',8,3.07086273,101.56615929,8.00),(858,21094523,'2025-10-01 06:00:00','present',9,3.07112323,101.56641800,9.00),(859,21094523,'2025-10-08 06:00:00','present',10,3.07085374,101.56609462,10.00),(860,21094523,'2025-10-22 06:00:00','present',12,3.07084476,101.56623205,12.00),(861,21094523,'2025-10-29 06:00:00','present',13,3.07114120,101.56634524,13.00),(862,21094523,'2025-11-05 06:00:00','present',14,3.07079086,101.56616738,14.00),(863,21094523,'2025-11-19 06:00:00','present',15,3.07115018,101.56640992,15.00),(864,21094523,'2025-11-26 06:00:00','present',16,3.07078188,101.56610270,16.00),(865,21094523,'2025-12-03 06:00:00','present',17,3.07097951,101.56627248,17.00),(866,21094523,'2025-09-22 03:00:00','present',40,3.07094357,101.56617546,8.00),(867,21094523,'2025-10-13 03:00:00','present',43,3.07105137,101.56642609,11.00),(868,21094523,'2025-10-20 03:00:00','present',44,3.07088069,101.56624822,12.00),(869,21094523,'2025-10-27 03:00:00','present',45,3.07106035,101.56632907,13.00),(870,21094523,'2025-11-03 03:00:00','present',46,3.07087171,101.56618355,14.00),(871,21094523,'2025-11-17 03:00:00','present',47,3.07106934,101.56635333,15.00),(872,21094523,'2025-11-24 03:00:00','present',48,3.07086273,101.56615929,16.00),(873,21094523,'2025-12-08 03:00:00','present',50,3.07085374,101.56609462,18.00),(874,21094524,'2025-09-25 05:00:00','present',30,3.07113222,101.56632099,15.00),(875,21094524,'2025-10-09 05:00:00','present',32,3.07114120,101.56634524,17.00),(876,21094524,'2025-10-16 05:00:00','present',33,3.07079086,101.56616738,18.00),(877,21094524,'2025-10-23 05:00:00','present',34,3.07115018,101.56640992,19.00),(878,21094524,'2025-10-30 05:00:00','present',35,3.07078188,101.56610270,20.00),(879,21094524,'2025-11-06 05:00:00','present',36,3.07097951,101.56627248,5.00),(880,21094524,'2025-11-20 05:00:00','present',37,3.07095256,101.56624014,6.00),(881,21094524,'2025-11-27 05:00:00','present',38,3.07103340,101.56633716,7.00),(882,21094524,'2025-09-23 06:00:00','present',51,3.07084476,101.56623205,20.00),(883,21094524,'2025-09-30 06:00:00','present',52,3.07114120,101.56634524,5.00),(884,21094524,'2025-10-07 06:00:00','present',53,3.07079086,101.56616738,6.00),(885,21094524,'2025-10-21 06:00:00','present',55,3.07078188,101.56610270,8.00),(886,21094524,'2025-10-28 06:00:00','present',56,3.07097951,101.56627248,9.00),(887,21094524,'2025-11-04 06:00:00','present',57,3.07095256,101.56624014,10.00),(888,21094524,'2025-11-18 06:00:00','present',58,3.07103340,101.56633716,11.00),(889,21094524,'2025-11-25 06:00:00','present',59,3.07094357,101.56617546,12.00),(890,21094524,'2025-12-02 06:00:00','present',60,3.07104239,101.56640183,13.00),(891,21094524,'2025-12-09 06:00:00','present',61,3.07093459,101.56615121,14.00),(892,21094525,'2025-09-23 02:00:00','present',19,3.07104239,101.56640183,5.00),(893,21094525,'2025-09-30 02:00:00','present',20,3.07093459,101.56615121,6.00),(894,21094525,'2025-10-14 02:00:00','present',22,3.07088069,101.56624822,8.00),(895,21094525,'2025-10-21 02:00:00','present',23,3.07106035,101.56632907,9.00),(896,21094525,'2025-10-28 02:00:00','present',24,3.07087171,101.56618355,10.00),(897,21094525,'2025-11-04 02:00:00','present',25,3.07106934,101.56635333,11.00),(898,21094525,'2025-11-18 02:00:00','present',26,3.07086273,101.56615929,12.00),(899,21094525,'2025-11-25 02:00:00','present',27,3.07112323,101.56641800,13.00),(900,21094525,'2025-12-09 02:00:00','present',29,3.07113222,101.56632099,15.00),(901,21094525,'2025-09-25 02:00:00','present',62,3.07088069,101.56624822,16.00),(902,21094525,'2025-10-02 02:00:00','present',63,3.07106035,101.56632907,17.00),(903,21094525,'2025-10-09 02:00:00','present',64,3.07087171,101.56618355,18.00),(904,21094525,'2025-10-16 02:00:00','present',65,3.07106934,101.56635333,19.00),(905,21094525,'2025-10-23 02:00:00','present',66,3.07086273,101.56615929,20.00),(906,21094525,'2025-11-06 02:00:00','present',68,3.07085374,101.56609462,6.00),(907,21094525,'2025-11-20 02:00:00','present',69,3.07113222,101.56632099,7.00),(908,21094525,'2025-11-27 02:00:00','present',70,3.07084476,101.56623205,8.00),(909,21094525,'2025-12-04 02:00:00','present',71,3.07114120,101.56634524,9.00),(946,21092127,'2025-12-16 03:40:26','present',83,3.06831184,101.60450825,78.00),(947,21092128,NULL,'missed',83,NULL,NULL,NULL),(948,21094501,NULL,'missed',83,NULL,NULL,NULL),(949,21094502,NULL,'missed',83,NULL,NULL,NULL),(950,21094503,NULL,'missed',83,NULL,NULL,NULL),(951,21094504,NULL,'missed',83,NULL,NULL,NULL),(952,21094505,NULL,'missed',83,NULL,NULL,NULL),(953,21094506,NULL,'missed',83,NULL,NULL,NULL),(954,21094507,NULL,'missed',83,NULL,NULL,NULL),(955,21094508,NULL,'missed',83,NULL,NULL,NULL),(956,21094509,NULL,'missed',83,NULL,NULL,NULL),(957,21094510,NULL,'missed',83,NULL,NULL,NULL),(958,21094511,NULL,'missed',83,NULL,NULL,NULL),(959,21094512,NULL,'missed',83,NULL,NULL,NULL),(960,21094513,NULL,'missed',83,NULL,NULL,NULL),(961,21094514,NULL,'missed',83,NULL,NULL,NULL),(962,21094515,NULL,'missed',83,NULL,NULL,NULL),(963,21094518,NULL,'missed',83,NULL,NULL,NULL),(964,21094519,NULL,'missed',83,NULL,NULL,NULL),(965,21094522,NULL,'missed',83,NULL,NULL,NULL),(966,21094525,NULL,'missed',83,NULL,NULL,NULL),(1031,21092127,NULL,'missed',93,NULL,NULL,NULL),(1032,21092129,NULL,'missed',93,NULL,NULL,NULL),(1033,21094501,NULL,'missed',93,NULL,NULL,NULL),(1034,21094502,NULL,'missed',93,NULL,NULL,NULL),(1035,21094503,NULL,'missed',93,NULL,NULL,NULL),(1036,21094504,NULL,'missed',93,NULL,NULL,NULL),(1037,21094505,NULL,'missed',93,NULL,NULL,NULL),(1038,21094506,NULL,'missed',93,NULL,NULL,NULL),(1039,21094507,NULL,'missed',93,NULL,NULL,NULL),(1040,21094508,NULL,'missed',93,NULL,NULL,NULL),(1041,21094509,NULL,'missed',93,NULL,NULL,NULL),(1042,21094510,NULL,'missed',93,NULL,NULL,NULL),(1043,21094511,NULL,'missed',93,NULL,NULL,NULL),(1044,21094512,NULL,'missed',93,NULL,NULL,NULL),(1045,21094513,NULL,'missed',93,NULL,NULL,NULL),(1046,21094514,NULL,'missed',93,NULL,NULL,NULL),(1047,21094515,NULL,'missed',93,NULL,NULL,NULL),(1048,21094518,NULL,'missed',93,NULL,NULL,NULL),(1049,21094519,NULL,'missed',93,NULL,NULL,NULL),(1050,21094524,NULL,'missed',93,NULL,NULL,NULL),(1062,21092127,NULL,'missed',94,NULL,NULL,NULL),(1063,21092129,NULL,'missed',94,NULL,NULL,NULL),(1064,21094501,NULL,'missed',94,NULL,NULL,NULL),(1065,21094502,NULL,'missed',94,NULL,NULL,NULL),(1066,21094503,NULL,'missed',94,NULL,NULL,NULL),(1067,21094504,NULL,'missed',94,NULL,NULL,NULL),(1068,21094505,NULL,'missed',94,NULL,NULL,NULL),(1069,21094506,NULL,'missed',94,NULL,NULL,NULL),(1070,21094507,NULL,'missed',94,NULL,NULL,NULL),(1071,21094523,NULL,'missed',94,NULL,NULL,NULL);
/*!40000 ALTER TABLE `checkin` ENABLE KEYS */;
UNLOCK TABLES;

--
-- Table structure for table `class`
--

DROP TABLE IF EXISTS `class`;
/*!40101 SET @saved_cs_client     = @@character_set_client */;
/*!50503 SET character_set_client = utf8mb4 */;
CREATE TABLE `class` (
  `class_id` int NOT NULL AUTO_INCREMENT,
  `lecturer_id` int NOT NULL,
  `class_name` varchar(255) NOT NULL,
  `course_code` varchar(45) NOT NULL,
  `time` varchar(255) DEFAULT NULL,
  `location_lat` decimal(10,8) DEFAULT NULL,
  `location_lng` decimal(11,8) DEFAULT NULL,
  `day_of_week` enum('Monday','Tuesday','Wednesday','Thursday','Friday') NOT NULL,
  `start_time` time NOT NULL,
  `end_time` time NOT NULL,
  `class_type` enum('Lecture','Tutorial') DEFAULT 'Lecture',
  `semester_id` int DEFAULT NULL,
  `start_week` int DEFAULT '1',
  `end_week` int DEFAULT '14',
  PRIMARY KEY (`class_id`),
  KEY `lecturer_id` (`lecturer_id`),
  KEY `fk_class_semester` (`semester_id`),
  CONSTRAINT `class_ibfk_1` FOREIGN KEY (`lecturer_id`) REFERENCES `lecturer` (`lecturer_id`),
  CONSTRAINT `fk_class_semester` FOREIGN KEY (`semester_id`) REFERENCES `semester` (`semester_id`) ON DELETE SET NULL
) ENGINE=InnoDB AUTO_INCREMENT=16 DEFAULT CHARSET=utf8mb4 COLLATE=utf8mb4_0900_ai_ci;
/*!40101 SET character_set_client = @saved_cs_client */;

--
-- Dumping data for table `class`
--

LOCK TABLES `class` WRITE;
/*!40000 ALTER TABLE `class` DISABLE KEYS */;
INSERT INTO `class` VALUES (1,1,'Software Engineering','SWE2002','08:00 AM',3.07380000,101.51830000,'Monday','08:00:00','10:00:00','Lecture',NULL,1,7),(2,1,'Software Architecture Tutorial','SE3201',NULL,3.07380000,101.51830000,'Wednesday','14:00:00','15:00:00','Tutorial',NULL,1,14),(3,1,'Database Systems Lecture','CS2103',NULL,3.07380000,101.51830000,'Tuesday','10:00:00','12:00:00','Lecture',NULL,1,14),(4,1,'Database Systems Tutorial','CS2103',NULL,3.07380000,101.51830000,'Thursday','13:00:00','14:00:00','Tutorial',NULL,1,14),(5,1,'Algorithms Lecture','CS2201',NULL,3.14150000,101.68690000,'Monday','11:00:00','12:30:00','Lecture',NULL,1,14),(6,2,'Operating Systems Lecture','CS3301',NULL,3.14150000,101.68690000,'Tuesday','14:00:00','16:00:00','Lecture',NULL,1,14),(7,2,'Operating Systems Tutorial','CS3301',NULL,3.14150000,101.68690000,'Thursday','10:00:00','11:00:00','Tutorial',NULL,1,14);
/*!40000 ALTER TABLE `class` ENABLE KEYS */;
UNLOCK TABLES;

--
-- Table structure for table `lecturer`
--

DROP TABLE IF EXISTS `lecturer`;
/*!40101 SET @saved_cs_client     = @@character_set_client */;
/*!50503 SET character_set_client = utf8mb4 */;
CREATE TABLE `lecturer` (
  `lecturer_id` int NOT NULL AUTO_INCREMENT,
  `name` varchar(255) NOT NULL,
  `email` varchar(255) NOT NULL,
  `password` varchar(255) NOT NULL,
  PRIMARY KEY (`lecturer_id`),
  UNIQUE KEY `email` (`email`)
) ENGINE=InnoDB AUTO_INCREMENT=7 DEFAULT CHARSET=utf8mb4 COLLATE=utf8mb4_0900_ai_ci;
/*!40101 SET character_set_client = @saved_cs_client */;

--
-- Dumping data for table `lecturer`
--

LOCK TABLES `lecturer` WRITE;
/*!40000 ALTER TABLE `lecturer` DISABLE KEYS */;
INSERT INTO `lecturer` VALUES (1,'Dr Tan','tan@imail.sunway.edu.my','$2b$10$MKxG8L9YOPOVwssxApSRG.156BGqTI61gcTKTM4zzUhLrW4YxeOsy'),(2,'Dr Lim','dr.lim@imail.sunway.edu.my','$2b$10$hm6JghufnZXod.l7NDZB.O7OctVRcYr.OK23XqJG/W83vAOWN1zQ6');
/*!40000 ALTER TABLE `lecturer` ENABLE KEYS */;
UNLOCK TABLES;

--
-- Table structure for table `semester`
--

DROP TABLE IF EXISTS `semester`;
/*!40101 SET @saved_cs_client     = @@character_set_client */;
/*!50503 SET character_set_client = utf8mb4 */;
CREATE TABLE `semester` (
  `semester_id` int NOT NULL AUTO_INCREMENT,
  `name` varchar(50) NOT NULL,
  `start_date` date NOT NULL,
  `end_date` date NOT NULL,
  `is_sem_break` tinyint(1) DEFAULT '0',
  `status` enum('active','inactive') DEFAULT 'inactive',
  `created_at` timestamp NULL DEFAULT CURRENT_TIMESTAMP,
  `updated_at` timestamp NULL DEFAULT CURRENT_TIMESTAMP ON UPDATE CURRENT_TIMESTAMP,
  `current_week` int DEFAULT NULL,
  PRIMARY KEY (`semester_id`),
  KEY `idx_status` (`status`)
) ENGINE=InnoDB AUTO_INCREMENT=4 DEFAULT CHARSET=utf8mb4 COLLATE=utf8mb4_0900_ai_ci;
/*!40101 SET character_set_client = @saved_cs_client */;

--
-- Dumping data for table `semester`
--

LOCK TABLES `semester` WRITE;
/*!40000 ALTER TABLE `semester` DISABLE KEYS */;
INSERT INTO `semester` VALUES (3,'September 2025','2025-09-22','2026-01-02',0,'active','2025-12-10 19:00:29','2025-12-18 04:29:53',13);
/*!40000 ALTER TABLE `semester` ENABLE KEYS */;
UNLOCK TABLES;

--
-- Table structure for table `session`
--

DROP TABLE IF EXISTS `session`;
/*!40101 SET @saved_cs_client     = @@character_set_client */;
/*!50503 SET character_set_client = utf8mb4 */;
CREATE TABLE `session` (
  `session_id` int NOT NULL AUTO_INCREMENT,
  `class_id` int NOT NULL,
  `started_at` timestamp NULL DEFAULT CURRENT_TIMESTAMP,
  `scheduled_date` date DEFAULT NULL,
  `expires_at` timestamp NOT NULL,
  `online_mode` tinyint(1) DEFAULT '0',
  `is_expired` tinyint(1) NOT NULL DEFAULT '0',
  `week_number` int DEFAULT NULL,
  PRIMARY KEY (`session_id`),
  KEY `idx_session_expires_at` (`expires_at`),
  KEY `idx_session_is_expired` (`is_expired`),
  KEY `idx_session_class` (`class_id`,`started_at`),
  KEY `idx_session_expires` (`expires_at`),
  CONSTRAINT `session_ibfk_1` FOREIGN KEY (`class_id`) REFERENCES `class` (`class_id`)
) ENGINE=InnoDB AUTO_INCREMENT=95 DEFAULT CHARSET=utf8mb4 COLLATE=utf8mb4_0900_ai_ci;
/*!40101 SET character_set_client = @saved_cs_client */;

--
-- Dumping data for table `session`
--

LOCK TABLES `session` WRITE;
/*!40000 ALTER TABLE `session` DISABLE KEYS */;
INSERT INTO `session` VALUES (1,1,'2025-09-22 00:00:00','2025-09-22','2025-09-22 00:30:00',0,1,1),(2,1,'2025-09-29 00:00:00','2025-09-29','2025-09-29 00:30:00',0,1,2),(3,1,'2025-10-06 00:00:00','2025-10-06','2025-10-06 00:30:00',0,1,3),(4,1,'2025-10-13 00:00:00','2025-10-13','2025-10-13 00:30:00',0,1,4),(5,1,'2025-10-20 00:00:00','2025-10-20','2025-10-20 00:30:00',0,1,5),(6,1,'2025-10-27 00:00:00','2025-10-27','2025-10-27 00:30:00',0,1,6),(7,1,'2025-11-03 00:00:00','2025-11-03','2025-11-03 00:30:00',0,1,7),(8,2,'2025-09-24 06:00:00','2025-09-24','2025-09-24 06:30:00',0,1,1),(9,2,'2025-10-01 06:00:00','2025-10-01','2025-10-01 06:30:00',0,1,2),(10,2,'2025-10-08 06:00:00','2025-10-08','2025-10-08 06:30:00',0,1,3),(11,2,'2025-10-15 06:00:00','2025-10-15','2025-10-15 06:30:00',0,1,4),(12,2,'2025-10-22 06:00:00','2025-10-22','2025-10-22 06:30:00',0,1,5),(13,2,'2025-10-29 06:00:00','2025-10-29','2025-10-29 06:30:00',0,1,6),(14,2,'2025-11-05 06:00:00','2025-11-05','2025-11-05 06:30:00',0,1,7),(15,2,'2025-11-19 06:00:00','2025-11-19','2025-11-19 06:30:00',0,1,8),(16,2,'2025-11-26 06:00:00','2025-11-26','2025-11-26 06:30:00',0,1,9),(17,2,'2025-12-03 06:00:00','2025-12-03','2025-12-03 06:30:00',0,1,10),(18,2,'2025-12-10 06:00:00','2025-12-10','2025-12-10 06:30:00',0,1,11),(19,3,'2025-09-23 02:00:00','2025-09-23','2025-09-23 02:30:00',0,1,1),(20,3,'2025-09-30 02:00:00','2025-09-30','2025-09-30 02:30:00',0,1,2),(21,3,'2025-10-07 02:00:00','2025-10-07','2025-10-07 02:30:00',0,1,3),(22,3,'2025-10-14 02:00:00','2025-10-14','2025-10-14 02:30:00',0,1,4),(23,3,'2025-10-21 02:00:00','2025-10-21','2025-10-21 02:30:00',0,1,5),(24,3,'2025-10-28 02:00:00','2025-10-28','2025-10-28 02:30:00',0,1,6),(25,3,'2025-11-04 02:00:00','2025-11-04','2025-11-04 02:30:00',0,1,7),(26,3,'2025-11-18 02:00:00','2025-11-18','2025-11-18 02:30:00',0,1,8),(27,3,'2025-11-25 02:00:00','2025-11-25','2025-11-25 02:30:00',0,1,9),(28,3,'2025-12-02 02:00:00','2025-12-02','2025-12-02 02:30:00',0,1,10),(29,3,'2025-12-09 02:00:00','2025-12-09','2025-12-09 02:30:00',0,1,11),(30,4,'2025-09-25 05:00:00','2025-09-25','2025-09-25 05:30:00',0,1,1),(31,4,'2025-10-02 05:00:00','2025-10-02','2025-10-02 05:30:00',0,1,2),(32,4,'2025-10-09 05:00:00','2025-10-09','2025-10-09 05:30:00',0,1,3),(33,4,'2025-10-16 05:00:00','2025-10-16','2025-10-16 05:30:00',0,1,4),(34,4,'2025-10-23 05:00:00','2025-10-23','2025-10-23 05:30:00',0,1,5),(35,4,'2025-10-30 05:00:00','2025-10-30','2025-10-30 05:30:00',0,1,6),(36,4,'2025-11-06 05:00:00','2025-11-06','2025-11-06 05:30:00',0,1,7),(37,4,'2025-11-20 05:00:00','2025-11-20','2025-11-20 05:30:00',0,1,8),(38,4,'2025-11-27 05:00:00','2025-11-27','2025-11-27 05:30:00',0,1,9),(39,4,'2025-12-04 05:00:00','2025-12-04','2025-12-04 05:30:00',0,1,10),(40,5,'2025-09-22 03:00:00','2025-09-22','2025-09-22 03:30:00',0,1,1),(41,5,'2025-09-29 03:00:00','2025-09-29','2025-09-29 03:30:00',0,1,2),(42,5,'2025-10-06 03:00:00','2025-10-06','2025-10-06 03:30:00',0,1,3),(43,5,'2025-10-13 03:00:00','2025-10-13','2025-10-13 03:30:00',0,1,4),(44,5,'2025-10-20 03:00:00','2025-10-20','2025-10-20 03:30:00',0,1,5),(45,5,'2025-10-27 03:00:00','2025-10-27','2025-10-27 03:30:00',0,1,6),(46,5,'2025-11-03 03:00:00','2025-11-03','2025-11-03 03:30:00',0,1,7),(47,5,'2025-11-17 03:00:00','2025-11-17','2025-11-17 03:30:00',0,1,8),(48,5,'2025-11-24 03:00:00','2025-11-24','2025-11-24 03:30:00',0,1,9),(49,5,'2025-12-01 03:00:00','2025-12-01','2025-12-01 03:30:00',0,1,10),(50,5,'2025-12-08 03:00:00','2025-12-08','2025-12-08 03:30:00',0,1,11),(51,6,'2025-09-23 06:00:00','2025-09-23','2025-09-23 06:30:00',0,1,1),(52,6,'2025-09-30 06:00:00','2025-09-30','2025-09-30 06:30:00',0,1,2),(53,6,'2025-10-07 06:00:00','2025-10-07','2025-10-07 06:30:00',0,1,3),(54,6,'2025-10-14 06:00:00','2025-10-14','2025-10-14 06:30:00',0,1,4),(55,6,'2025-10-21 06:00:00','2025-10-21','2025-10-21 06:30:00',0,1,5),(56,6,'2025-10-28 06:00:00','2025-10-28','2025-10-28 06:30:00',0,1,6),(57,6,'2025-11-04 06:00:00','2025-11-04','2025-11-04 06:30:00',0,1,7),(58,6,'2025-11-18 06:00:00','2025-11-18','2025-11-18 06:30:00',0,1,8),(59,6,'2025-11-25 06:00:00','2025-11-25','2025-11-25 06:30:00',0,1,9),(60,6,'2025-12-02 06:00:00','2025-12-02','2025-12-02 06:30:00',0,1,10),(61,6,'2025-12-09 06:00:00','2025-12-09','2025-12-09 06:30:00',0,1,11),(62,7,'2025-09-25 02:00:00','2025-09-25','2025-09-25 02:30:00',0,1,1),(63,7,'2025-10-02 02:00:00','2025-10-02','2025-10-02 02:30:00',0,1,2),(64,7,'2025-10-09 02:00:00','2025-10-09','2025-10-09 02:30:00',0,1,3),(65,7,'2025-10-16 02:00:00','2025-10-16','2025-10-16 02:30:00',0,1,4),(66,7,'2025-10-23 02:00:00','2025-10-23','2025-10-23 02:30:00',0,1,5),(67,7,'2025-10-30 02:00:00','2025-10-30','2025-10-30 02:30:00',0,1,6),(68,7,'2025-11-06 02:00:00','2025-11-06','2025-11-06 02:30:00',0,1,7),(69,7,'2025-11-20 02:00:00','2025-11-20','2025-11-20 02:30:00',0,1,8),(70,7,'2025-11-27 02:00:00','2025-11-27','2025-11-27 02:30:00',0,1,9),(71,7,'2025-12-04 02:00:00','2025-12-04','2025-12-04 02:30:00',0,1,10),(83,3,'2025-12-16 03:39:31','2025-12-16','2025-12-16 03:44:31',1,1,13),(93,4,'2025-12-17 19:08:36','2025-12-18','2025-12-17 19:13:36',0,1,13),(94,2,'2025-12-17 19:41:57','2025-12-17','2025-12-17 19:46:57',0,1,13);
/*!40000 ALTER TABLE `session` ENABLE KEYS */;
UNLOCK TABLES;

--
-- Table structure for table `student`
--

DROP TABLE IF EXISTS `student`;
/*!40101 SET @saved_cs_client     = @@character_set_client */;
/*!50503 SET character_set_client = utf8mb4 */;
CREATE TABLE `student` (
  `student_id` int NOT NULL AUTO_INCREMENT,
  `name` varchar(255) NOT NULL,
  `email` varchar(255) NOT NULL,
  `password` varchar(255) NOT NULL,
  PRIMARY KEY (`student_id`),
  UNIQUE KEY `email` (`email`)
) ENGINE=InnoDB AUTO_INCREMENT=100000000 DEFAULT CHARSET=utf8mb4 COLLATE=utf8mb4_0900_ai_ci;
/*!40101 SET character_set_client = @saved_cs_client */;

--
-- Dumping data for table `student`
--

LOCK TABLES `student` WRITE;
/*!40000 ALTER TABLE `student` DISABLE KEYS */;
INSERT INTO `student` VALUES (21091234,'Sarah','sarah@example.com','$2b$10$8QZ/4vyhthsyvo6e7JdCGO9uU.iTuAJkNJrGstd18.cKHx1X9zHya'),(21092127,'John ','21092127@imail.sunway.edu.my','$2b$10$MKxG8L9YOPOVwssxApSRG.156BGqTI61gcTKTM4zzUhLrW4YxeOsy'),(21092128,'Alice Tan','alice.tan@imail.sunway.edu.my','$2b$10$E8vOS8s35TseK5shEJlETeS/QIiTGTRcmqcDjniZ00K1YjSKuWPNa'),(21092129,'Bob Lee','bob.lee@imail.sunway.edu.my','$2b$10$05W3BVxrdGCYUgk1O.Fbces5QzF1/CQ.EllWAwwBOafQIPcQy7tW2'),(21093322,'Johann','joohann@example.com','$2b$10$hn9u73k0DSo8Zp5iuL8jted8z0UJMmUY7c7IOBbEtHNo6mflsaYQq'),(21094501,'Emily Wong','21094501@imail.sunway.edu.my','$2b$10$MKxG8L9YOPOVwssxApSRG.156BGqTI61gcTKTM4zzUhLrW4YxeOsy'),(21094502,'Marcus Lee','21094502@imail.sunway.edu.my','$2b$10$MKxG8L9YOPOVwssxApSRG.156BGqTI61gcTKTM4zzUhLrW4YxeOsy'),(21094503,'Farah Binti Amin','21094503@imail.sunway.edu.my','$2b$10$MKxG8L9YOPOVwssxApSRG.156BGqTI61gcTKTM4zzUhLrW4YxeOsy'),(21094504,'Kelvin Tan','21094504@imail.sunway.edu.my','$2b$10$MKxG8L9YOPOVwssxApSRG.156BGqTI61gcTKTM4zzUhLrW4YxeOsy'),(21094505,'Aisyah Zulkifli','21094505@imail.sunway.edu.my','$2b$10$MKxG8L9YOPOVwssxApSRG.156BGqTI61gcTKTM4zzUhLrW4YxeOsy'),(21094506,'Daniel Chong','21094506@imail.sunway.edu.my','$2b$10$MKxG8L9YOPOVwssxApSRG.156BGqTI61gcTKTM4zzUhLrW4YxeOsy'),(21094507,'Stephanie Lim','21094507@imail.sunway.edu.my','$2b$10$MKxG8L9YOPOVwssxApSRG.156BGqTI61gcTKTM4zzUhLrW4YxeOsy'),(21094508,'Darren Kee','21094508@imail.sunway.edu.my','$2b$10$MKxG8L9YOPOVwssxApSRG.156BGqTI61gcTKTM4zzUhLrW4YxeOsy'),(21094509,'Tan Wei Ming','21094509@imail.sunway.edu.my','$2b$10$MKxG8L9YOPOVwssxApSRG.156BGqTI61gcTKTM4zzUhLrW4YxeOsy'),(21094510,'Chloe Tan','21094510@imail.sunway.edu.my','$2b$10$MKxG8L9YOPOVwssxApSRG.156BGqTI61gcTKTM4zzUhLrW4YxeOsy'),(21094511,'Brandon Ooi','21094511@imail.sunway.edu.my','$2b$10$MKxG8L9YOPOVwssxApSRG.156BGqTI61gcTKTM4zzUhLrW4YxeOsy'),(21094512,'Nurul Iman','21094512@imail.sunway.edu.my','$2b$10$MKxG8L9YOPOVwssxApSRG.156BGqTI61gcTKTM4zzUhLrW4YxeOsy'),(21094513,'Harith Asyraf','21094513@imail.sunway.edu.my','$2b$10$MKxG8L9YOPOVwssxApSRG.156BGqTI61gcTKTM4zzUhLrW4YxeOsy'),(21094514,'Jasmine Ong','21094514@imail.sunway.edu.my','$2b$10$MKxG8L9YOPOVwssxApSRG.156BGqTI61gcTKTM4zzUhLrW4YxeOsy'),(21094515,'Rachel Ho','21094515@imail.sunway.edu.my','$2b$10$MKxG8L9YOPOVwssxApSRG.156BGqTI61gcTKTM4zzUhLrW4YxeOsy'),(21094516,'Raymond Goh','21094516@imail.sunway.edu.my','$2b$10$MKxG8L9YOPOVwssxApSRG.156BGqTI61gcTKTM4zzUhLrW4YxeOsy'),(21094517,'Joshua Ling','21094517@imail.sunway.edu.my','$2b$10$MKxG8L9YOPOVwssxApSRG.156BGqTI61gcTKTM4zzUhLrW4YxeOsy'),(21094518,'Alisha Tham','21094518@imail.sunway.edu.my','$2b$10$MKxG8L9YOPOVwssxApSRG.156BGqTI61gcTKTM4zzUhLrW4YxeOsy'),(21094519,'Hafiz Rahman','21094519@imail.sunway.edu.my','$2b$10$MKxG8L9YOPOVwssxApSRG.156BGqTI61gcTKTM4zzUhLrW4YxeOsy'),(21094520,'Davina Ng','21094520@imail.sunway.edu.my','$2b$10$MKxG8L9YOPOVwssxApSRG.156BGqTI61gcTKTM4zzUhLrW4YxeOsy'),(21094521,'Eugene Tan','21094521@imail.sunway.edu.my','$2b$10$MKxG8L9YOPOVwssxApSRG.156BGqTI61gcTKTM4zzUhLrW4YxeOsy'),(21094522,'Michelle Yong','21094522@imail.sunway.edu.my','$2b$10$MKxG8L9YOPOVwssxApSRG.156BGqTI61gcTKTM4zzUhLrW4YxeOsy'),(21094523,'Ashley Soon','21094523@imail.sunway.edu.my','$2b$10$MKxG8L9YOPOVwssxApSRG.156BGqTI61gcTKTM4zzUhLrW4YxeOsy'),(21094524,'Firdaus Jamal','21094524@imail.sunway.edu.my','$2b$10$MKxG8L9YOPOVwssxApSRG.156BGqTI61gcTKTM4zzUhLrW4YxeOsy'),(21094525,'Nicholas Tan','21094525@imail.sunway.edu.my','$2b$10$MKxG8L9YOPOVwssxApSRG.156BGqTI61gcTKTM4zzUhLrW4YxeOsy');
/*!40000 ALTER TABLE `student` ENABLE KEYS */;
UNLOCK TABLES;

--
-- Table structure for table `studentclass`
--

DROP TABLE IF EXISTS `studentclass`;
/*!40101 SET @saved_cs_client     = @@character_set_client */;
/*!50503 SET character_set_client = utf8mb4 */;
CREATE TABLE `studentclass` (
  `student_id` int NOT NULL,
  `class_id` int NOT NULL,
  `joined_at` timestamp NULL DEFAULT CURRENT_TIMESTAMP,
  PRIMARY KEY (`student_id`,`class_id`),
  KEY `class_id` (`class_id`),
  CONSTRAINT `studentclass_ibfk_1` FOREIGN KEY (`student_id`) REFERENCES `student` (`student_id`),
  CONSTRAINT `studentclass_ibfk_2` FOREIGN KEY (`class_id`) REFERENCES `class` (`class_id`)
) ENGINE=InnoDB DEFAULT CHARSET=utf8mb4 COLLATE=utf8mb4_0900_ai_ci;
/*!40101 SET character_set_client = @saved_cs_client */;

--
-- Dumping data for table `studentclass`
--

LOCK TABLES `studentclass` WRITE;
/*!40000 ALTER TABLE `studentclass` DISABLE KEYS */;
INSERT INTO `studentclass` VALUES (21092127,2,'2025-11-06 23:06:30'),(21092127,3,'2025-11-06 23:06:30'),(21092127,4,'2025-11-06 23:06:30'),(21092128,3,'2025-11-07 01:52:41'),(21092128,6,'2025-11-07 01:52:41'),(21092129,2,'2025-11-07 01:52:41'),(21092129,4,'2025-11-07 01:52:41'),(21092129,6,'2025-11-07 01:52:41'),(21093322,1,'2025-12-05 18:09:28'),(21094501,1,'2025-12-11 02:22:23'),(21094501,2,'2025-12-11 02:22:23'),(21094501,3,'2025-12-11 02:22:23'),(21094501,4,'2025-12-11 02:22:23'),(21094501,5,'2025-12-11 02:22:23'),(21094502,1,'2025-12-11 02:22:23'),(21094502,2,'2025-12-11 02:22:23'),(21094502,3,'2025-12-11 02:22:23'),(21094502,4,'2025-12-11 02:22:23'),(21094502,5,'2025-12-11 02:22:23'),(21094503,1,'2025-12-11 02:22:23'),(21094503,2,'2025-12-11 02:22:23'),(21094503,3,'2025-12-11 02:22:23'),(21094503,4,'2025-12-11 02:22:23'),(21094503,5,'2025-12-11 02:22:23'),(21094504,1,'2025-12-11 02:22:23'),(21094504,2,'2025-12-11 02:22:23'),(21094504,3,'2025-12-11 02:22:23'),(21094504,4,'2025-12-11 02:22:23'),(21094504,5,'2025-12-11 02:22:23'),(21094505,1,'2025-12-11 02:22:23'),(21094505,2,'2025-12-11 02:22:23'),(21094505,3,'2025-12-11 02:22:23'),(21094505,4,'2025-12-11 02:22:23'),(21094505,5,'2025-12-11 02:22:23'),(21094506,1,'2025-12-11 02:22:23'),(21094506,2,'2025-12-11 02:22:23'),(21094506,3,'2025-12-11 02:22:23'),(21094506,4,'2025-12-11 02:22:23'),(21094506,5,'2025-12-11 02:22:23'),(21094507,1,'2025-12-11 02:22:23'),(21094507,2,'2025-12-11 02:22:23'),(21094507,3,'2025-12-11 02:22:23'),(21094507,4,'2025-12-11 02:22:23'),(21094507,5,'2025-12-11 02:22:23'),(21094508,3,'2025-12-11 02:22:32'),(21094508,4,'2025-12-11 02:22:32'),(21094508,5,'2025-12-11 02:22:32'),(21094508,6,'2025-12-11 02:22:32'),(21094508,7,'2025-12-11 02:22:32'),(21094509,3,'2025-12-11 02:22:32'),(21094509,4,'2025-12-11 02:22:32'),(21094509,5,'2025-12-11 02:22:32'),(21094509,6,'2025-12-11 02:22:32'),(21094509,7,'2025-12-11 02:22:32'),(21094510,3,'2025-12-11 02:22:32'),(21094510,4,'2025-12-11 02:22:32'),(21094510,5,'2025-12-11 02:22:32'),(21094510,6,'2025-12-11 02:22:32'),(21094510,7,'2025-12-11 02:22:32'),(21094511,3,'2025-12-11 02:22:32'),(21094511,4,'2025-12-11 02:22:32'),(21094511,5,'2025-12-11 02:22:32'),(21094511,6,'2025-12-11 02:22:32'),(21094511,7,'2025-12-11 02:22:32'),(21094512,3,'2025-12-11 02:22:32'),(21094512,4,'2025-12-11 02:22:32'),(21094512,5,'2025-12-11 02:22:32'),(21094512,6,'2025-12-11 02:22:32'),(21094512,7,'2025-12-11 02:22:32'),(21094513,3,'2025-12-11 02:22:32'),(21094513,4,'2025-12-11 02:22:32'),(21094513,5,'2025-12-11 02:22:32'),(21094513,6,'2025-12-11 02:22:32'),(21094513,7,'2025-12-11 02:22:32'),(21094514,3,'2025-12-11 02:22:32'),(21094514,4,'2025-12-11 02:22:32'),(21094514,5,'2025-12-11 02:22:32'),(21094514,6,'2025-12-11 02:22:32'),(21094514,7,'2025-12-11 02:22:32'),(21094515,3,'2025-12-11 02:22:32'),(21094515,4,'2025-12-11 02:22:32'),(21094515,5,'2025-12-11 02:22:32'),(21094515,6,'2025-12-11 02:22:32'),(21094515,7,'2025-12-11 02:22:32'),(21094516,1,'2025-12-11 02:22:45'),(21094516,5,'2025-12-11 02:22:45'),(21094517,1,'2025-12-11 02:22:45'),(21094517,5,'2025-12-11 02:22:45'),(21094518,3,'2025-12-11 02:22:51'),(21094518,4,'2025-12-11 02:22:51'),(21094519,3,'2025-12-11 02:22:51'),(21094519,4,'2025-12-11 02:22:51'),(21094520,6,'2025-12-11 02:22:56'),(21094520,7,'2025-12-11 02:22:56'),(21094521,6,'2025-12-11 02:22:56'),(21094521,7,'2025-12-11 02:22:56'),(21094522,1,'2025-12-11 02:23:00'),(21094522,3,'2025-12-11 02:23:00'),(21094523,2,'2025-12-11 02:23:00'),(21094523,5,'2025-12-11 02:23:00'),(21094524,4,'2025-12-11 02:23:00'),(21094524,6,'2025-12-11 02:23:00'),(21094525,3,'2025-12-11 02:23:00'),(21094525,7,'2025-12-11 02:23:00');
/*!40000 ALTER TABLE `studentclass` ENABLE KEYS */;
UNLOCK TABLES;
/*!40103 SET TIME_ZONE=@OLD_TIME_ZONE */;

/*!40101 SET SQL_MODE=@OLD_SQL_MODE */;
/*!40014 SET FOREIGN_KEY_CHECKS=@OLD_FOREIGN_KEY_CHECKS */;
/*!40014 SET UNIQUE_CHECKS=@OLD_UNIQUE_CHECKS */;
/*!40101 SET CHARACTER_SET_CLIENT=@OLD_CHARACTER_SET_CLIENT */;
/*!40101 SET CHARACTER_SET_RESULTS=@OLD_CHARACTER_SET_RESULTS */;
/*!40101 SET COLLATION_CONNECTION=@OLD_COLLATION_CONNECTION */;
/*!40111 SET SQL_NOTES=@OLD_SQL_NOTES */;

-- Dump completed on 2025-12-19 14:30:02
